,DSP-1001660005648-A-C05.dcc,DSP-1001660005648-A-C06.dcc,DSP-1001660005648-A-C12.dcc,DSP-1001660005648-A-D05.dcc,DSP-1001660005648-A-D06.dcc,DSP-1001660005648-A-D09.dcc,DSP-1001660005648-A-E06.dcc,DSP-1001660005649-B-B12.dcc,DSP-1001660005649-B-E09.dcc,DSP-1001660005649-B-G03.dcc,DSP-1001660005649-B-H09.dcc,DSP-1001660012099-C-E07.dcc,DSP-1001660012099-C-F03.dcc,DSP-1001660012099-C-F11.dcc,DSP-1001660012099-C-G09.dcc,DSP-1001660005648-A-D01.dcc,DSP-1001660005648-A-D10.dcc,DSP-1001660005649-B-C01.dcc,DSP-1001660005649-B-C02.dcc,DSP-1001660005649-B-C05.dcc,DSP-1001660005649-B-C08.dcc,DSP-1001660005649-B-C09.dcc,DSP-1001660005649-B-C12.dcc,DSP-1001660005649-B-D03.dcc,DSP-1001660005649-B-D04.dcc,DSP-1001660005649-B-F05.dcc,DSP-1001660005649-B-F09.dcc,DSP-1001660005649-B-G08.dcc,DSP-1001660005649-B-G11.dcc,DSP-1001660005649-B-H01.dcc,DSP-1001660012098-D-A06.dcc,DSP-1001660012099-C-E02.dcc,DSP-1001660012099-C-E06.dcc,DSP-1001660012099-C-E08.dcc,DSP-1001660012099-C-F02.dcc,DSP-1001660012099-C-G01.dcc,DSP-1001660012099-C-G05.dcc,DSP-1001660012099-C-G06.dcc,DSP-1001660005649-B-B11.dcc,DSP-1001660005649-B-C06.dcc,DSP-1001660005649-B-F01.dcc,DSP-1001660005649-B-F11.dcc,DSP-1001660005649-B-F12.dcc,DSP-1001660005649-B-G01.dcc,DSP-1001660005649-B-G07.dcc,DSP-1001660005649-B-H02.dcc,DSP-1001660005649-B-H05.dcc,DSP-1001660005649-B-H06.dcc,DSP-1001660005649-B-H08.dcc,DSP-1001660012098-D-A02.dcc,DSP-1001660012098-D-A09.dcc,DSP-1001660012098-D-B02.dcc,DSP-1001660012098-D-B03.dcc,DSP-1001660012099-C-E04.dcc,DSP-1001660012099-C-E05.dcc,DSP-1001660012099-C-E10.dcc,DSP-1001660012099-C-G02.dcc,DSP-1001660012099-C-G04.dcc,DSP-1001660005649-B-E12.dcc,DSP-1001660005649-B-G06.dcc,DSP-1001660005649-B-H12.dcc,DSP-1001660012099-C-F10.dcc
ACTR3B,-2.04057306597054,0.0,0.81305903880921,0.0,0.14813138744190013,-0.6860957482295198,-0.41948967935867,0.81305903880921,-0.8734491804018998,-0.6860957482295198,-1.01339797195664,-0.3335819286155599,-1.1223854907334518,0.0,-0.30264109641843984,-1.66505928125045,-1.66505928125045,0.70010660758532,-0.043975894638580204,-0.5725838568070201,0.6462654407902797,-0.54883864070177,-1.66505928125045,-0.4116510607792401,0.70010660758532,-0.043975894638580204,0.78085246709715,-1.66505928125045,-0.31058196350943,0.13869320616782987,-0.16333116090409017,0.3755137847200898,-0.6378841872365502,-0.20883666696917014,-0.8343802222233231,0.3755137847200898,0.3755137847200898,0.7570996576001401,1.3150208615328407,1.048414792661991,1.048414792661991,2.059103363756741,0.861061360489611,1.048414792661991,-0.3060625250790291,1.048414792661991,2.547569579700721,1.431869444473071,2.197574660493581,-0.3060625250790291,-0.3060625250790291,0.612125050158059,1.1687522318229209,-0.3060625250790291,1.3150208615328407,2.139849223268571,2.547569579700721,1.734510540891511,-1.2903793923949611,-1.2903793923949611,-1.2903793923949611,1.290379392394959
ANLN,0.5293355797224035,-0.48135299137234644,-0.21474692250149663,-0.48135299137234644,0.03964282207950354,0.6678068764592435,-0.21474692250149663,0.5293355797224035,1.0178017956663834,0.20474275685717336,1.0178017956663834,-0.12883917175838655,0.48720216195939337,0.3528741442990735,-1.8358303091133665,0.30874680712675184,-0.015846015738478325,-0.14258976679555824,-1.0292439876951183,0.2549056403317116,0.08016219726524199,-0.7019417639679981,-0.015846015738478325,-0.14258976679555824,-2.056419081709018,-0.14258976679555824,-2.056419081709018,-2.056419081709018,-1.0292439876951183,0.08942075945392158,-0.7545659040234882,-0.015846015738478325,0.44721810386359184,0.18752626964655184,-0.015846015738478325,0.23418563919411195,-0.4353356950971483,-0.015846015738478325,1.7230473140384885,-1.1305847907412614,-1.1305847907412614,1.9166408893105384,1.1133605606143087,0.2238925269997587,-1.1305847907412614,0.2238925269997587,1.3730523948313487,1.1600199301618688,0.6073471788108387,1.7230473140384885,-0.03810936629783135,2.176464452219369,0.7448883404516087,-1.1305847907412614,1.4993892587900588,1.0581196626711786,0.4904985958706085,1.9166408893105384,0.6772386588705102,-0.6772386588705099,0.6772386588705102,1.90352012591941
BAG1,-0.25438974458100017,0.62816405437974,-0.25438974458100017,0.16509993477766982,-0.957285555955782,-0.52099581345185,-1.87547313119287,-1.87547313119287,0.3684722201627,-0.52099581345185,0.4896927576429,-0.1684819938378901,0.0,0.0,0.4151315897102601,1.4633555160338236,0.6502964772246136,-0.6315301232441943,1.239697460785394,-0.7430099483287043,0.3167145486090537,-0.9159587725776184,-1.3902765887459263,0.9748893000898438,0.2308067978659436,-0.13686836827471627,1.2738509018127537,-0.03579927100490621,1.5633971324281335,0.27868776012536367,0.5845858121820338,-1.3902765887459263,0.6502964772246136,0.06594602553535367,-0.03579927100490621,-0.5595975297187993,0.2308067978659436,0.1299965451963938,-0.6493679125527636,-2.2704512991646335,0.23318588640797655,-1.2432762051507336,-0.4666988117463535,-0.22987823319409362,-2.2704512991646335,-0.22987823319409362,0.23318588640797655,0.23318588640797655,-0.9159739814236134,-2.2704512991646335,0.0408734228760963,0.17546044918296655,-0.08174684575219349,-0.9159739814236134,-0.6493679125527636,-0.39497816797176344,0.09471458967113655,0.09471458967113655,-2.7012104164237045,-2.7012104164237045,0.15242168835604541,-0.45726506506813447
BIRC5,-0.41245455589681423,-0.012741940097213966,0.8858554374887762,-0.3481146216323041,0.4418487838032261,1.0137770989267656,0.036289469291376,0.2172772208814857,0.6288371086541362,-0.012741940097213966,-0.8736952123736943,0.0007963712560759006,1.7210784237808054,0.4727111680913261,0.9765773015630961,-0.055090168238540294,-2.1527152155749802,0.8738741934430596,0.5589648677270596,-0.11830811326576018,1.6832826705985298,0.6852440209844097,-4.19328828154552,-0.055090168238540294,0.8589068044587798,-0.6848219450168402,-0.6477056900990101,-0.4430723318560901,-0.28510932921723997,-0.6980415645125699,-1.0137779452526603,-1.3396561767657702,0.027545084119269703,0.4165819338086303,-0.8228076571009102,-0.7181009313932303,-0.4430723318560901,0.05931790743524967,0.8677257494524335,0.24105672996171368,-0.5685699560172268,0.5045954867882729,1.2752077010521132,1.2932474551098432,-0.1888346307724067,-0.4638632303095469,0.24105672996171368,0.7565376076695332,-0.6814748811516269,0.5318640821222829,0.08662912917770349,0.8523568196096631,0.543394669511823,-0.030871628133556595,0.359940151540723,-0.1888346307724067,0.01815978125503337,0.359940151540723,0.0,1.7953535464299497,0.0,1.6514709766101001
BLVRA,0.029622896541205535,-0.23698317232964428,-1.5914604900706644,1.5436184077773858,0.2840126411222057,-1.5914604900706644,1.2621716147090856,-1.5914604900706644,0.6524848612849057,0.9121766955019457,0.7737053987651057,0.34625683034984567,0.5972439633417757,1.0726670004880157,0.4491125758998755,1.2077365089740297,0.8434806429955897,-0.09632214687070029,-0.38906807517229036,1.2367081353804399,-0.9176760373407302,0.030421604186379625,0.8434806429955897,-0.09632214687070029,-0.9829763677702603,0.3550144270516098,0.4357602865634398,0.030421604186379625,0.7359814383140599,0.6438146227880797,-0.035289060856200205,0.4934857237884498,0.030421604186379625,0.5706073230057598,0.6790707662290698,0.4934857237884498,-0.38906807517229036,-1.3116503983054923,-0.3109621643138225,-0.6355549871790527,-0.1724908675769825,0.6943525712950174,-1.5090041675809525,-0.6355549871790527,-1.0550446665377227,0.5814476461606173,-0.1724908675769825,-0.6355549871790527,-0.1724908675769825,-0.4321827017940225,0.48201059787345724,-0.8006549219567225,0.6309211898110374,0.4589508446984576,-0.3109621643138225,0.34498173515396724,-0.6355549871790527,-0.3109621643138225,0.0,0.0,0.6314417122754401,-0.98336405163029
CCNB1,1.1393287894215092,0.3262697506122991,-0.09321992874637086,-0.35982599761722067,1.7169368465297794,0.7893338702143693,-1.7143033153582408,-1.7143033153582408,-1.7143033153582408,-0.35982599761722067,-0.6871282213443408,0.7528676998586594,0.47440113805419926,0.7316084329893593,0.3262697506122991,-1.8505128358094791,-1.8505128358094791,0.06331647910398086,1.1967128442423207,-0.14352169845449914,0.08720448461103092,0.7488989709779807,0.19006023016106077,-1.8505128358094791,0.19006023016106077,-0.5971046153382691,0.02496029538339095,-1.8505128358094791,-0.496035518068459,-0.496035518068459,-0.780748606671249,-0.496035518068459,0.5146530530262909,0.6047916075255211,-1.019833776782352,-0.496035518068459,-0.22942944919760921,-0.683388950240839,-1.0271750940139,1.47646209155871,0.32730222372712015,1.6027989555174202,1.82645701076585,1.01339797195664,0.59390829259797,-1.0271750940139,0.32730222372712015,1.82645701076585,0.32730222372712015,0.77657739340438,0.0653003304295301,1.4187366543337,0.8482980371789701,-1.0271750940139,0.0,-0.1089875187768119,0.0,0.59390829259797,2.220446049250313e-16,-1.3544773177410199,0.68609574822952,0.68609574822952
CDC20,1.7525413836000576,-1.4653465871581324,0.15573679945373753,-1.4653465871581324,0.0094681697438177,-0.11086926941711228,-1.4653465871581324,0.15573679945373753,-1.4653465871581324,-1.4653465871581324,-0.4381714931442324,-0.033138594103362395,0.7233578662543076,0.4101265440347377,0.2725853823939677,0.34759215699866486,-2.017573731837105,-0.3964903452252353,0.8360583729426447,-0.3105825944821252,1.229285865327495,0.02299933413343469,-2.017573731837105,-0.3964903452252353,0.34759215699866486,-0.10374441692364522,-0.5427589749351551,-0.6630964140960851,-0.6630964140960851,-0.09055709395937517,-0.5158456114907453,-2.017573731837105,0.48606345373550486,-0.021356524552475165,-2.017573731837105,-0.6630964140960851,0.02299933413343469,-0.21382124441882522,1.1752768843391401,0.3622178455299301,-1.6783552204406098,0.3622178455299301,0.5655901309149602,1.1752768843391401,-0.057271833828739904,-1.6783552204406098,0.8252819651320003,1.1752768843391401,-0.3238779026995897,1.1752768843391401,0.028635916914370174,0.9857722701180702,0.7675565279069902,1.1752768843391401,-0.057271833828739904,1.1752768843391401,0.6868106683951603,0.9516188290907104,1.36333440710003,-0.6772386588705099,0.6772386588705102,0.8430344750718102
CDC6,2.1153119703309775,2.6037781862749574,5.635956270932457,-0.24985391850479277,0.6683336567322953,5.503416752816257,3.500362031184637,1.3712294681070771,-0.24985391850479277,1.1046233992362273,0.7773211755091072,1.4571372188501872,1.4391541738681473,0.28108565831789223,-0.24985391850479277,-1.8762882646551724,-1.8762882646551724,1.2300965719937278,-0.8491131706412725,-0.4440802716004024,0.2602930143190878,0.1642848013153675,-1.8762882646551724,-0.2552048780433025,0.1642848013153675,-0.6228800441839624,-0.4014735077532223,0.1642848013153675,-0.03026667166429231,-0.07253577723689242,-1.0832440085405555,-0.5218109469141523,-0.5218109469141523,0.026903708146037708,-1.0456092056280455,0.1642848013153675,-1.8762882646551724,-1.1777872011765043,0.501489279307104,0.920978958665774,-1.119594107304766,-0.09241901329086599,1.124351244050804,2.4532121634884243,0.501489279307104,0.23488321043625415,0.23488321043625415,0.920978958665774,-0.2889150482776389,0.04752977826387417,0.587397030050214,-1.119594107304766,0.7558790238881041,-1.119594107304766,0.501489279307104,0.35522064959718413,1.5103799422265543,0.920978958665774,0.0,0.6860957482295198,0.0,0.4492751696772599
CDH3,0.7765866421594378,1.7819013777682777,0.03250413993553769,-0.23410192893531212,0.6001252067361078,-1.5885792466763322,-1.5885792466763322,0.7765866421594378,0.6553661046792378,-1.5885792466763322,-0.5614041526624323,-0.9413126062591102,-0.11376448977438214,-1.0576396698536472,0.14935272287576784,-1.9243916303862538,-1.9243916303862538,0.23268413093429618,0.11618143558428606,0.6834197475308361,0.5427793848306464,-1.0937125713591267,0.11618143558428606,-0.6709834099150438,-0.8972165363723539,-0.6709834099150438,-0.04891849919338376,-0.5699143126452337,-0.5699143126452337,-0.4041184964439337,-1.1313473742716367,-0.5699143126452337,-0.5699143126452337,-1.6034713107995968,-1.0937125713591267,-0.18645966083415377,0.11618143558428606,-0.7572677448176137,2.6105932382689043,2.4726075261848344,-0.8978730982597756,-0.8978730982597756,-0.8978730982597756,0.4566042194812445,0.7232102883520943,0.4566042194812445,-0.8978730982597756,-0.06719403923264855,0.4566042194812445,0.9058793891585044,0.5343348947949944,0.02031447697731248,0.9776000329330945,-0.8978730982597756,0.7232102883520943,0.5769416586421745,1.7321009512715446,0.7232102883520943,1.35447731774102,0.0,0.0,1.52027313394232
CENPF,-1.2815351121761198,0.07294220556490028,0.3395482744357501,-1.2815351121761198,0.19327964472583026,0.7590379537944201,0.3395482744357501,0.3395482744357501,-0.11441122660747971,0.07294220556490028,0.3395482744357501,-0.18905968773268977,-0.058353764451919865,0.19327964472583026,-1.2815351121761198,0.0,-1.62108338661187,0.0,-1.62108338661187,-0.5286079621684399,-0.18887539355709992,-0.06217624131874988,-1.62108338661187,0.0,0.41948967935867,-0.36767516614065987,-1.62108338661187,-0.2666060688708498,-1.017947400663029,-0.9225823231332019,-1.1707421162986609,-1.62108338661187,-0.59390829259797,0.7671505965437,-1.62108338661187,6.565718307200079,0.0,0.41948967935867,1.62108338661187,2.04057306597054,0.0,3.50846633652868,2.24394535135557,2.04057306597054,0.0,0.830679059027127,0.0,1.35447731774102,1.7379319695521,0.0,0.647266640417222,1.87547313119287,1.47481475690195,1.35447731774102,0.0,0.918187575237088,1.0271750940139,2.04057306597054,0.0,0.0,0.0,0.698501063478668
CEP55,-1.58666723844483,-1.58666723844483,0.03441614816703997,1.5484116594032202,1.07746025211385,1.98613903234836,-1.58666723844483,0.7784986503909401,0.9940915463450901,-0.23218992070380984,0.03441614816703997,0.5499140405294303,-0.36348589072063,-0.11185248154287986,0.7039374824583002,0.6979426508554192,-2.1556894539243308,-0.24186013901087078,0.47428459560698943,-0.4486983165693508,-0.4486983165693508,-0.25851563412071066,-2.1556894539243308,-0.5346060673124609,0.2094764349114393,-1.3969429884225988,-0.2802163227314607,0.3479477316482793,-0.5346060673124609,0.0882558974312393,-0.6539613335779708,-0.8012121361833107,-0.11511638795379087,0.6979426508554192,-0.11511638795379087,-0.11511638795379087,-0.5346060673124609,0.4250693308655893,0.4824732085667369,1.252386217579017,1.252386217579017,0.15788038570150675,0.6980661045208869,1.3748830190411767,0.4824732085667369,0.9709394245107168,0.15788038570150675,0.8065295477441969,-0.14476071071693308,-0.07894019285075315,0.25388859870522706,1.1384171080345267,1.4243565626915968,-0.528215362528013,-0.8555175862551332,0.5632190680785669,0.747281369262287,1.3351952904891569,-0.3430478741147598,0.34304787411476,1.15610691292397,1.15610691292397
CXXC5,0.40130641896270447,1.1204805849761446,0.7655622849411445,0.9181549386275645,1.4770710952582844,0.051311499755564594,1.5048846758998247,1.0561406507116344,1.1577508022495744,0.40130641896270447,1.0561406507116344,-0.14100096377631566,-0.006413937469445408,-0.26362123240460544,-0.1617209649139153,1.1786786866562027,0.7906965230386529,-0.41252900357706723,1.6155904019353624,0.287340170513823,-0.492348411433877,2.029239352325223,0.4109611977938328,1.8824935661544524,-0.9189463606802373,-0.25107644975356713,-0.10588732187102723,0.6132868441424129,0.733949894364863,0.4109611977938328,0.0983239417373829,0.175559471197273,0.8452953094252429,0.16529523118373302,-0.2702971986375471,0.7047169981968229,-0.5943535378150071,1.0357505306387926,-0.42724252747305025,-3.2808746322528,-0.42724252747305025,0.3535242868992996,-0.42724252747305025,1.1798746105716198,-1.6597912456409303,-0.023298932942590334,-1.2403015662822603,0.4693413174366299,-0.7772374466801901,0.0,-0.31844103221119013,-3.2808746322528,-0.2597648439492404,-0.7772374466801901,-0.42724252747305025,-1.0921701788403602,-1.2403015662822603,-0.65090058272148,-0.4051392891145351,-1.091235037344055,0.4079197496946749,0.13504642970484504
ERBB2,2.6215519530353903,1.3934915018982297,5.31267988259228,0.5375217554520502,4.29206261419183,5.34284493385779,3.6088528967751303,-0.8475283054016098,0.24215094440046014,0.8378463243060503,2.2661886032892404,3.3309606620516705,4.16275127573975,4.46189029415904,2.3869169874124703,-0.1935935752720499,-3.0472256800518,0.05915915659710036,0.46124065647688006,4.0255525879048,-0.1935935752720499,0.37655801358684027,1.64836250807957,0.46124065647688006,0.0,0.05915915659710036,0.49835691139471017,3.9428284812620404,0.8609532722764803,0.56285080801482,0.8521250007184502,-0.1935935752720499,-0.1935935752720499,0.19618788490878014,-1.00665261408126,-0.5435884944791898,0.0,-0.1935935752720499,-1.4499994841038097,-0.2174507659359297,0.06399602713237051,-0.7059169818799096,-0.4903240859257596,-1.0305098047451398,0.43738346581300025,-2.2404038116885525,-1.0305098047451398,-2.2404038116885525,-0.5674456851430696,0.01192859533194035,-1.9786074462722496,0.47449972073083035,-0.4069553801569996,-1.0305098047451398,-1.4499994841038097,-0.8823784173032396,-0.44110882118435946,-0.023857190663879813,0.6442325379250757,0.18035914954544552,-0.18035914954544463,0.7524641386397555
ESR1,-0.9899508158222912,0.36452650191872893,1.375215073013479,2.145128082025759,0.4848639410796589,-0.9899508158222912,-0.9899508158222912,-0.9899508158222912,-0.9899508158222912,-0.9899508158222912,0.6311325707895787,-0.3426841754050691,0.2332305319019088,-0.07176324058520311,-0.15927175679516414,2.1562145889701987,0.9788996841825486,-0.30292691628625934,2.6885425679014388,0.8760439386325187,0.030802042655438733,2.0080222199745488,-1.0616733817879913,1.6467695951092187,1.3034925070477787,1.7919587229917586,0.8137997494048788,0.2928039359530288,2.7957489765127486,0.2928039359530288,2.6885425679014388,-1.0616733817879913,2.2345274258673387,0.6352748800930788,2.073405516060059,0.6762585877641087,-0.03449828777409136,3.143007257569499,-1.8553913509359847,-0.5009140331949646,0.18518171503455516,-1.8553913509359847,-0.05163886351770475,-1.8553913509359847,-1.8553913509359847,-1.0247122919088576,-0.5009140331949646,0.43521336996714544,-1.0247122919088576,-0.05163886351770475,-1.8553913509359847,0.02008178025688534,-0.38057659403403465,-0.5009140331949646,-0.8282162569220848,-1.8553913509359847,-0.8282162569220848,-1.8553913509359847,-0.6860957482295198,0.0,-0.6860957482295198,-1.342072002491872
EXO1,1.7902523703689348,1.0760015851833549,0.9375302884465149,-1.4276356003892552,0.7610688530231848,1.707443297458795,0.19344778622261471,0.9375302884465149,-1.4276356003892552,-0.0731582826482351,-0.40046050637535524,0.004572392665514791,0.6129374655812847,-0.20445425266505524,0.6129374655812847,-0.16342011535894585,-1.7845035019708158,0.37257225934973426,-0.16342011535894585,-0.3522955089160458,-0.07751236461583577,0.3864952099533141,1.9657124477186143,0.7624869211028942,-0.7573284079569158,-0.16342011535894585,-1.7845035019708158,-1.7845035019708158,-0.16342011535894585,0.5512986967896143,-0.9914592458561987,1.0691286028089342,-1.7845035019708158,0.5333892610090543,-0.0465715324187157,-0.0465715324187157,-1.7845035019708158,-0.6173796164021756,1.01068857109475,0.6860957482295198,0.0,0.2666060688708498,-0.18735343217237999,0.38345465181107996,-1.35447731774102,-0.5237982587138931,0.0,0.0,0.9361274031621101,-1.35447731774102,-0.26200189329759005,0.8342271356714199,0.52099581345185,1.4991547870387298,0.6860957482295198,0.52099581345185,1.2754967317903,1.6927483623107797,0.0,0.0,0.0,2.04057306597054
FGFR4,-0.10802206767495197,3.262458556769658,-0.10802206767495197,1.2464552500660682,0.8101655075621361,-0.10802206767495197,-0.10802206767495197,-0.10802206767495197,1.0591018178936882,1.2464552500660682,0.919153026338948,1.324185925379818,2.831777756617548,2.080682385737488,1.6299099018771481,-1.8570659198166264,-1.8570659198166264,-0.6036576993454164,0.5080999690191437,-0.7645904953731963,0.6101050954002738,0.1835071461539135,0.1835071461539135,-1.0983194543148944,-0.8298908258027264,0.3000098415039236,0.018407211376243682,-0.5025886020756063,1.5134147046279836,0.47873627894380366,1.7702218103907836,-0.5025886020756063,-0.011044326825746298,1.7821486635672437,-0.5025886020756063,-0.5025886020756063,-0.23598253320475648,-0.053313432398346405,0.2666060688708498,0.6860957482295198,0.0,-1.35447731774102,-1.35447731774102,0.0,-1.35447731774102,-0.5237982587138931,0.0,-1.35447731774102,0.0,-1.35447731774102,-1.35447731774102,0.12033743916092998,1.09143443060658,0.0,-0.32730222372712015,0.12033743916092998,-0.32730222372712015,-0.32730222372712015,2.50363718557261,0.0,0.0,4.54975800107963
FOXA1,1.1577867673352191,0.0,1.1577867673352191,0.5996649853620193,0.4650740293625093,1.4424828850293494,0.5154808777078195,-2.5590239238116803,-1.0970958443759304,-2.1395342444530105,-0.1295667918801202,-0.4298913607341204,0.7011497180223394,0.7227642279090896,0.0,0.6061549268160134,-0.5536341304446468,1.1972472456668628,1.6560070840545134,1.263824306117903,1.3311215488793735,1.4178433645820832,-0.25330956159064666,1.5477896620238427,0.2712597484520627,-0.223494647672827,0.05891959609464337,-0.3956711278057967,0.7024879727210527,0.10496907217576279,1.2101565947640527,-0.004859348131517116,0.5029262497801934,1.5303960671386934,-1.8002128945614668,-0.7310438093408869,0.748345005870223,0.24590792094555347,-0.33165069423930804,4.0218462570400515,-0.6562435171045382,2.5650553132869316,-0.8930640956567981,-1.866137524047951,-2.696816583075078,-0.958884613522978,-2.696816583075078,-1.342339265334058,3.339188851831122,-1.529692697506438,-2.049549942657856,-2.696816583075078,-0.25090483472747804,0.15681552170467183,-0.33165069423930804,-1.77862900783799,-2.696816583075078,0.5210713876831119,-0.301128318239412,-0.1431653156005619,-0.6808636434842321,0.6442439202025279
FOXC1,0.0,-1.62108338661187,-1.62108338661187,0.8825537989607402,-1.62108338661187,-0.2666060688708498,0.0,0.0,-0.4539595010432298,-0.2666060688708498,0.7440825022239002,0.8460876286050303,-0.7028958113747819,-0.7028958113747819,-0.2666060688708498,-0.31326520041554273,0.10622447894312725,-1.9343485870274126,0.4308173018083574,0.0033687333930974006,-1.9343485870274126,-0.8181279464787325,0.10622447894312725,-0.6809403665562026,-1.9343485870274126,0.6126418360462973,-0.05887545583454257,-1.9343485870274126,0.10622447894312725,-0.007331949149682604,-0.25709717958597267,0.10622447894312725,-0.08832699403653255,-1.1291540461329166,-0.19641661747531258,-0.5798712692863925,-0.31326520041554273,-0.7672247014587725,1.86341065301717,1.78060158010703,0.0,1.4991547870387298,0.4492751696772599,0.0,0.2666060688708498,-1.35447731774102,1.14915986783159,0.38345465181107996,0.38345465181107996,-0.18735343217237999,0.07773067531374989,1.4991547870387298,1.30965017281766,1.14915986783159,0.6860957482295198,-0.43628974250393204,-0.32730222372712015,1.86341065301717,-0.3369563772579449,-1.691433694998965,1.679046929445645,0.11231879241931497
GPR160,2.335186883432699,1.3333608288108891,1.8688279437327187,1.4757223950260392,1.0767062855964689,0.2788139812623589,-0.9537347369055211,-0.20965223468162097,-0.771065636099111,-0.5342450575468511,0.2788139812623589,0.16113296896223916,-0.12890637516979098,0.4462916647861688,-1.220340805776371,0.7142507851855799,-0.46306411960207017,1.5767182468886398,0.5435884944791898,1.5220425240669302,1.9147638984237396,0.0,-0.46306411960207017,-0.8825537989607402,1.1307617335794897,1.8452010608543103,-0.31493273216017004,1.06916908522058,2.87081668122641,0.46923853919701,3.48008117064012,0.0,0.7925636220827199,3.33689484068909,-0.76570521602051,0.4975706825502999,0.5435884944791898,-0.08147824672201986,-2.6456011114989555,-2.6456011114989555,-2.6456011114989555,0.9887978076531443,-0.06484232670903545,-0.35499639059582533,-1.0245177248870856,-0.9076691419468554,-0.14196392592634544,-0.35499639059582533,1.4049394070444747,-0.8418486240806755,0.31683248854265456,-0.19968936315135544,0.01852637905972454,-0.14196392592634544,-1.6184260174850555,-0.7701279803060854,-2.6456011114989555,0.40162456855284434,1.6637467147891274,-0.5545822382630425,-1.9090595560040626,2.4784526188471974
GRB7,1.9252904360444867,-0.22869858274317312,5.764955909709647,-0.22869858274317312,4.850034243755086,5.8583735548372164,3.7547181772745764,0.7819899883515768,-0.4160520149155531,1.2704562042955567,2.5550222128227866,2.7567263300502165,3.319695637848447,3.759998070170077,0.4573971654863467,1.0196867112652803,-1.8339453935144696,-0.5805371730432596,0.5312204953213004,3.95669662615217,-0.40173740045969963,-0.4794680757734495,1.9162705561749604,0.5312204953213004,0.5312204953213004,0.3231303678060804,-0.35913063661251954,3.78864480193843,-0.4794680757734495,0.5018568052459604,-0.0002278528203096819,-0.4794680757734495,0.012076199476410476,-0.2523448850662997,-1.0032663344873427,-0.09601342396236956,-0.8067702995005697,-0.6668215079458295,-1.62108338661187,-1.62108338661187,0.41948967935867,0.0,0.18266910080641008,-1.62108338661187,-1.62108338661187,-1.62108338661187,-0.2666060688708498,0.11684858294023015,-1.62108338661187,0.18266910080641008,-0.18887539355709992,-0.7028958113747819,1.0430441039468101,-1.62108338661187,0.7440825022239002,-1.62108338661187,0.0,-1.62108338661187,-0.05734484031696763,0.8392390045927125,0.6618293256964725,0.17203452095090244
KIF2C,-1.62108338661187,-1.62108338661187,0.0,0.8825537989607402,0.5676210668005701,-0.2666060688708498,0.0,-1.62108338661187,0.18266910080641008,0.41948967935867,-0.59390829259797,0.5154978923623903,0.25438974458100017,-0.14626862970991983,-1.62108338661187,0.1252230847838225,-1.4958603018280474,0.1252230847838225,-0.46868520781414746,-0.8485936614108254,-0.06365230877327743,0.24207166772405264,-1.4958603018280474,0.41796901308541257,-0.46868520781414746,-0.7371138363263154,-0.021045544926097337,-1.4958603018280474,-1.4958603018280474,0.024412832114272698,-0.7028160457134304,-0.14138298408702732,-0.14138298408702732,0.0857402066201225,-0.14138298408702732,0.5447127641424925,0.5447127641424925,-0.3287364162594073,1.4991547870387298,1.14915986783159,0.6860957482295198,0.2666060688708498,1.7285341483066,0.0,0.2666060688708498,0.0,0.0,0.0,-0.5237982587138931,-0.18735343217237999,-0.707210677323798,1.81667471618314,0.8342271356714199,0.0,-0.32730222372712015,0.12033743916092998,0.2666060688708498,-0.32730222372712015,0.09367671608618999,0.09367671608618999,0.7797724643157098,-0.09367671608618999
MAPT,-0.3686896994270792,-1.989773086038949,-1.989773086038949,0.513864099533661,-0.11429995484607902,0.0507999799315908,-1.989773086038949,0.37539280279682097,1.093238380008671,-0.635295768297929,-1.989773086038949,-1.342506445621727,-0.11429995484607902,0.3332593850338108,-1.1590940270118222,0.32537667741988274,-1.2957067091919872,-0.04229848872077713,2.561715649108753,0.4112844281629928,1.0156180128487426,2.229115608060413,-1.2957067091919872,2.6615036525248827,-0.2685316151780872,0.8613690521285629,1.3684207813666929,0.05877060854903293,0.05877060854903293,0.8501331319709526,-1.2957067091919872,-1.2957067091919872,0.9162723702511528,0.02319594542752279,0.4422252603601129,0.7448663567785527,-1.2957067091919872,0.5080457782262928,0.26551084563217175,-0.7451777254625782,-2.0996550432035983,-1.0724799491896984,-0.9325311576349582,-2.0996550432035983,0.26551084563217175,-2.0996550432035983,0.40398214236901175,-0.7451777254625782,-1.2689759841764712,-2.0996550432035983,0.0369262357706619,-2.0996550432035983,-0.22418191201072823,-0.059081977233058414,-0.059081977233058414,-1.1814674679665103,-2.0996550432035983,0.26551084563217175,-1.52027313394232,-1.52027313394232,-0.16579581620130002,0.0
MDM2,0.7597211426960317,-0.053337896113178296,0.7597211426960317,-0.053337896113178296,-0.6190962051817681,-0.053337896113178296,-0.4728275754718483,-2.093910962083718,-0.9267870765150781,-2.093910962083718,-0.4728275754718483,0.042670316890542015,3.4551913031228714,0.09479349132872184,1.8872040471336318,1.0270334833530363,-1.8265986214267136,0.3304771398938364,-1.8265986214267136,-0.7341231969832835,-0.3943906283719436,0.2139744445438263,0.2139744445438263,-0.20551523481484368,0.5385672674090565,0.08723069348674639,-0.3517838645247635,1.0270334833530363,-0.20551523481484368,-0.022846134008433605,-0.32487050108035365,0.6770385641458965,-0.20551523481484368,-0.022846134008433605,-0.9959195623995866,0.4640060994764166,1.0270334833530363,0.41734672992885646,-1.87547313119287,0.16509993477766982,0.62816405437974,-1.87547313119287,-0.70834924562423,-0.52099581345185,-0.25438974458100017,0.62816405437974,-1.87547313119287,0.4151315897102601,-0.52099581345185,0.70528565359705,0.7323382467242199,0.0,-0.40065837429092,0.62816405437974,0.16509993477766982,0.0,-1.87547313119287,0.4896927576429,-0.9176278080305547,-0.23153205980103486,0.2315320598010353,0.3086536590183453
MKI67,0.81305903880921,0.46306411960207017,-0.41948967935867,1.7096428837188902,-1.1223854907334518,0.81305903880921,0.32459282286523017,-0.41948967935867,0.5401857188193802,-0.6860957482295198,0.81305903880921,-0.9480976415271098,-1.509633489147855,0.0,-2.04057306597054,-1.723337237383647,0.3172358285868928,1.1302948673961029,-0.10225385077177718,-0.0163461000286671,-0.2911292443288771,0.677712271322463,-1.723337237383647,0.43373852393690293,-1.723337237383647,-0.46992901691243705,-0.805149662146559,-0.368859919642627,-1.723337237383647,-0.368859919642627,-1.272995967070438,-1.723337237383647,-1.120201251434806,0.6648967457719228,0.014594732168452973,0.3172358285868928,1.1302948673961029,-0.556213351815007,1.26917143770569,0.4561123988964799,0.9191765184985501,0.4561123988964799,1.26917143770569,0.9191765184985501,-1.58446066707406,-0.22998334933303988,-0.22998334933303988,1.5506182307739902,-0.753781608046933,0.21929182034422,1.1514904254055702,0.2910124641188101,0.8614510812735401,0.4561123988964799,0.7807052217617101,-0.1096459101721099,0.7807052217617101,0.7807052217617101,0.04683835804309511,0.04683835804309511,0.04683835804309511,-0.14051507412928488
MLPH,-0.41948967935867,0.0,2.9657649868845897,-0.6860957482295198,2.38327496929104,2.25841766603202,-0.41948967935867,0.81305903880921,-0.2368205785522599,-2.04057306597054,0.0,1.51496858418166,0.6235544245881401,2.47030179777841,-0.30264109641843984,-0.3245059185166017,-3.1781380232963516,-0.3245059185166017,1.1208527087062081,0.06872157386824851,-0.11453595644708159,1.3327368404525983,-3.1781380232963516,1.9473879047451388,-1.1375649573258118,0.5720779263930784,1.4148113230895887,-0.6745008377237416,2.178151755023808,0.6373528232787082,2.381408624197348,-0.3245059185166017,1.0823032284256686,0.9045761954957281,-0.17693015517344168,1.0626352059595985,-0.8129721344605816,1.1657922652879384,-1.62108338661187,0.41948967935867,-0.2666060688708498,2.7520472815272896,0.9596753981780501,-0.7904043275847429,0.0,-0.7904043275847429,0.41948967935867,-0.2666060688708498,2.0431530382357304,-0.4539595010432298,-0.5286079621684399,-0.7028958113747819,-0.7028958113747819,1.23254871816788,-0.59390829259797,0.5676210668005701,-0.59390829259797,0.0,-0.39271917195444495,-0.04272425274730507,-0.39271917195444495,0.3845182747257452
MYBL2,0.9828458398400799,-0.1944690649475702,1.2734242056105698,-0.88056481317709,0.93610990300605,-0.1944690649475702,0.13012375791765995,0.13012375791765995,-1.06791824534947,-0.1944690649475702,-2.23504213091811,-0.5280509935631301,1.19619803096991,-0.1944690649475702,0.05556258998502006,-1.74939723783274,-3.37048062444461,0.7677174888623699,1.14039423930434,0.03896008161352027,0.5512366392369601,2.6308781561139702,0.0,1.78336486552177,0.0,-2.6117341589428777,-0.9245688760970099,-0.51684851966486,-2.34330553043071,-2.2033567388759696,-2.577436368329993,-2.01600330670359,-2.34330553043071,0.017272193303059957,-2.01600330670359,-2.01600330670359,-1.74939723783274,-0.9483216855940197,0.47504248876282684,1.194216654776267,-1.024112298275903,0.6686360640348767,-0.13464426466135304,2.441501520443477,-2.378589616016923,0.12504756955568697,0.47504248876282684,3.288888904629577,1.285646808830677,-1.211465730448283,0.0885813991999771,0.06732213233067696,1.166992975429587,-0.3380165500463832,0.8392983547412669,1.710172403606927,1.6719509025265071,1.8422437496478667,1.0202865329852702,1.0202865329852702,-1.0202865329852697,1.7033507723983803
MYC,0.06899813734248017,-3.88821222437439,-3.88821222437439,-1.84763915840385,-2.41339746747244,-3.88821222437439,-2.2671288377625203,-0.37974588784571006,-0.6073375921215898,-0.1379962746849599,0.80737596375698,-0.7300735733513402,0.9488193451833298,-0.51773159992978,-1.03458011959464,-0.21742235753413697,-0.21742235753413697,1.9961080126746928,0.6791614873755432,-1.1333371418933769,1.883537171609233,-0.0013588605513468188,-1.030481396343347,0.03533037433501329,1.3020762058252728,-0.524064039240177,1.5218948840720534,-1.030481396343347,0.22514634534144307,1.4787035387657435,-0.7404967052896869,0.29942616213072304,-0.8590753828707469,-1.489453953865717,-0.21742235753413697,-0.3818322343006568,-1.449971075702017,-0.6488955234632967,0.12882036318761658,-0.6842386756215935,0.4102671562559168,-1.6976366475782334,1.3789597843462769,1.5741789904104264,0.49307622916605665,-0.9868797720400333,1.455295568831417,1.3257287769512969,-1.3703344238511133,0.12882036318761658,-0.25764072637523316,1.5074495555864669,1.2045850394831965,1.1833672107361468,0.6456688828524766,2.4685496264434166,2.754071055934487,-1.1037283549802634,-0.17655129494741972,0.4385857568939602,0.058850431649140056,-1.50787770537719
PHGDH,0.0,-0.32459282286523017,0.4884662159439799,-1.01068857109475,1.18041670261074,-1.01068857109475,0.0,-2.36516588883577,-2.36516588883577,-1.01068857109475,-2.36516588883577,1.3230322290989798,2.05868214642581,2.6006715784783796,0.32405633917746,-2.5203403965725695,-0.4797673306020296,-0.6065110816591095,-2.5203403965725695,-0.05316938135566929,0.4420932034690406,-0.2297356756694393,-0.4797673306020296,0.18810258032464056,-1.4931653025586695,-0.6065110816591095,-0.07442864822496942,-1.1658630788315494,-1.9172044106237285,0.13362568799967045,-1.4505761674343394,-0.4797673306020296,0.4333333246014903,0.9986151063981006,-0.016703210999959417,-0.016703210999959417,-1.4931653025586695,-0.2763950452169994,1.34200801219501,0.62775722700943,-0.5214026408221599,1.34200801219501,1.57896518007466,1.5993073915891098,0.9777521462165699,-1.87587995856318,0.62775722700943,1.87433599112625,1.69692631223001,-0.7087560729945399,0.2607013204110802,1.43116928439745,0.31282449484926,-1.87587995856318,0.48928593027259004,1.1452298297403798,1.1713457214886198,1.9815423997375599,1.1491598678315902,-1.3544773177410199,2.220446049250313e-16,1.8308551507541102
PTTG1,-1.2039798379920184,0.15049747974900174,1.1611860508437517,0.8365932279785215,1.4601476525666617,0.8365932279785215,-1.2039798379920184,-1.2039798379920184,0.5997726494262616,0.15049747974900174,0.8365932279785215,0.9326014409822418,0.6714932932008517,0.6714932932008517,-1.2039798379920184,-1.7964390965442598,0.24413396942628007,0.5687267922915102,0.24413396942628007,-0.7039636721008298,-0.7039636721008298,-0.2375319512511398,-1.7964390965442598,-0.5430308760730498,-0.1753557099323899,-1.7964390965442598,-0.32162433964230974,-1.7964390965442598,-0.1753557099323899,-0.12747474767296985,-0.11918768910281985,-0.4419617788032397,0.9496938035539604,0.843179698136,-0.9657600375171328,-0.058507126992159764,0.24413396942628007,0.007313390874020165,0.8415949220305134,-0.16909364906423652,0.9800662187673534,0.8415949220305134,1.0571878179846634,0.9800662187673534,0.09751241980661329,0.21436100274684344,0.5170020991652833,1.8469096576393533,-0.6928919077781296,0.7203743845503134,0.7877537552354732,0.6651334866071834,0.6651334866071834,-0.16909364906423652,0.5170020991652833,-0.048756209903306535,2.4336393949116135,2.2266449828841735,0.7329341062726149,1.545993145081825,0.04683835804309511,-0.14051507412928488
RRM2,1.464607820232619,-0.03454696680611091,1.464607820232619,-0.03454696680611091,0.48644884664573906,-0.03454696680611091,1.464607820232619,1.464607820232619,-0.2219003989784909,-0.03454696680611091,0.2320591020647389,0.043183708507638974,1.056887463800469,1.275103206011549,-1.389024284547131,-0.45433102620945065,-0.03484134685078066,-1.3166679473195886,0.7782176919584294,0.23591030921940925,-0.6432064197665506,-0.17824059301770045,-2.0754144128213206,-0.16158509790786058,-1.0482393188074206,-1.3166679473195886,0.11329004059111947,-0.7209370950803005,-0.7209370950803005,-0.5551412788790004,-1.0056501836830904,-2.0754144128213206,0.4282227727512895,0.09058750181202946,-1.2447353537941934,0.2151903080818096,-0.45433102620945065,0.34674452602926964,2.1539890187876596,1.14915986783159,0.6860957482295198,1.01068857109475,-1.35447731774102,2.7623006388611797,1.01068857109475,0.0,-1.35447731774102,2.4768810071306797,0.38345465181107996,-1.35447731774102,1.11269369747588,0.52099581345185,0.8342271356714199,0.0,0.2666060688708498,0.8342271356714199,1.01068857109475,1.2754967317903,1.0247150776647749,0.3386193294352551,-1.015857988305765,0.787894499112515
SFRP1,1.4102860974151135,-1.4433460073646365,-1.4433460073646365,-0.08886868962361638,-0.5251584321275484,-1.4433460073646365,0.9218198814711336,0.17773737924723343,0.3604064800536435,1.0602911782079736,-0.4161709133507365,-0.7960793669474144,-0.5251584321275484,-0.22016465964043652,-0.6126669483375095,0.048811254867056064,-1.5722721317448138,-1.5722721317448138,0.048811254867056064,-0.9250054913275918,-0.14006413869004386,-0.013364986451693817,0.46830093422572605,-1.5722721317448138,0.048811254867056064,-0.8135256662430819,-0.09745737484286376,0.46830093422572605,-0.5450970377309139,0.7635300670156162,0.10497927569662613,-1.5722721317448138,-0.9691361457959728,-0.9889896478307388,-0.7415930727176868,-0.21779481400379375,-1.5722721317448138,-1.5722721317448138,4.079325947922963,3.7755066371084824,0.5237982587138931,0.7904043275847429,4.118634368128153,0.0,-0.830679059027127,-0.830679059027127,2.304399838820923,0.5237982587138931,0.0,-0.830679059027127,1.1070382613933831,3.258082960596723,0.644135697874823,1.672958126545483,2.539801565417483,2.476370183933503,3.0267432992736127,2.2165466210246727,-0.6772386588705097,0.6772386588705104,-0.6772386588705097,0.8430344750718104
SLC39A6,0.7019164959059179,0.3376606299274778,0.3376606299274778,1.056834795940918,0.5051383134512877,-0.47539840888173224,-0.8948880882404022,-0.15080558601650207,0.764903157400528,-0.01233428927966207,-0.8948880882404022,0.3376606299274778,0.04317001247881791,-0.19293900377951223,-0.01233428927966207,3.8694360397237175,-2.3735120512894023,-0.008346162453632289,1.2608868678626974,0.6900900155598677,-0.23693077231514215,0.9416203174744577,-0.33293898531886246,1.3005346349682276,-0.008346162453632289,1.4490525620185277,1.0577281105986178,0.9969685731552076,2.632826001565727,1.2728960222140477,3.304328504209598,-0.33293898531886246,3.2337995406474076,0.08179239204559785,1.2907243735581977,1.7432659053127977,3.460734095983368,2.740528544009758,-0.14372859730276621,-2.5088944861385363,-1.1544171683975162,-1.4817193921246363,-0.7051419987202563,-1.1544171683975162,-0.8878110995266664,-0.2182897652354061,-0.4683214201679964,0.6261844117095139,-0.4683214201679964,0.07186429865138377,-0.8019033487835563,-0.6334213549456662,-1.5907069109014482,0.6261844117095139,-0.8878110995266664,0.5122153021650235,-0.8878110995266664,-0.4683214201679964,-3.487527431324447,-0.9838902457518368,-2.133050113583427,0.327963415250613
TYMS,1.2757913319086525,0.2651027608139025,-1.0893745569271176,-1.0893745569271176,0.7860985742657525,2.0457043409209326,-1.0893745569271176,-1.0893745569271176,0.07774932864152251,0.2651027608139025,-0.06219946291321765,0.8483427634933924,0.7860985742657525,-1.0893745569271176,0.6485574126249825,-0.64331278713793,-2.2643961737498,1.9294146264483203,0.1007697150859701,0.34341520416729,2.76713531863492,1.30841009704339,-2.2643961737498,0.1007697150859701,1.48581977593963,-2.2643961737498,-1.346208598512712,-2.2643961737498,-1.661260187800959,-0.9099188560087799,-1.1946319446115699,-0.9099188560087799,-0.05241709430665997,-0.18079039685903986,-2.2643961737498,0.02620854715333021,-2.2643961737498,-0.46064368633152,1.59680458414632,2.12913256307756,-0.2666060688708498,0.0,1.6597912456409303,0.41948967935867,1.23254871816788,0.41948967935867,1.5139955112361803,1.0681388414013602,-1.62108338661187,-0.4539595010432298,1.3413502134297401,0.5676210668005701,0.25438974458100017,0.41948967935867,0.0,0.25438974458100017,0.41948967935867,1.23254871816788,0.0,0.0,2.50363718557261,2.58075878478992
UBE2C,-1.35447731774102,0.0,-1.35447731774102,0.6860957482295198,1.4991547870387298,0.0,-1.35447731774102,-1.35447731774102,0.88946803361455,0.6860957482295198,0.2666060688708498,2.05496338831711,0.6860957482295198,0.6860957482295198,1.33474491027221,-0.03589996582066224,-0.3604927886858924,0.8168221161017577,0.9694147697881776,-0.08974113261570249,1.008374851401698,2.2945223334749376,-2.4010658546564323,1.1074004818722476,-0.3604927886858924,-1.6423193891547003,-0.5255927234635622,0.10257133091617776,-1.0465885369154122,-0.3604927886858924,-1.9507245843432233,-2.4010658546564323,-0.5550442616655522,1.5484106018123978,-1.5703867956293052,-0.11046113375330213,0.2289081948748879,-0.3604927886858924,-1.3887143402241522,1.746364557623898,-0.034237022483132096,2.2456845789279476,2.6065556170654176,1.3005078877890779,-1.3887143402241522,0.34921762932794786,0.6518587257463877,1.4649177645555977,1.746364557623898,-1.3887143402241522,-0.7414476998069301,2.361501609465278,1.9183349027364778,-0.034237022483132096,0.6518587257463877,1.4649177645555977,1.241259709307168,1.6585113398276476,0.0,0.0,1.35447731774102,2.58075878478992
UBE2T,-2.07349115206874,-0.7190138343277199,1.14439681868945,-2.07349115206874,0.1152133013437,1.8346878002595401,0.7801409527110099,0.29167473676703004,0.17045419928683003,-2.07349115206874,0.29167473676703004,-0.13577383164822998,-0.03291808609820013,1.09766088185542,-0.7190138343277199,0.7019625485954881,-0.11109649021372192,0.9547152804646384,0.895556123867538,-0.44467841882928183,1.6580077535064683,1.7565093961440184,-2.151669556184262,1.5985463935051683,0.895556123867538,-0.8982613357130518,-0.27619642499139174,-2.151669556184262,-2.151669556184262,-0.48270520731297184,-1.0819053270460317,-0.7971922384432417,0.06030952325887817,0.6513613636058881,-1.3209904971571347,-0.41373758663216176,-0.5305861695723919,-0.11109649021372192,1.7485941943545198,1.0937599626055898,0.74376504339845,0.60529374666161,0.8208866426157599,-0.02194017262206005,0.60529374666161,-0.9291930831470331,-0.40539482443314,1.0937599626055898,-0.40539482443314,0.04388034524411988,0.5514525798665697,1.41127989175,0.4288323112382799,0.2807009237963798,0.2807009237963798,0.9042553483845199,1.0937599626055898,-0.1387887555622902,1.487779197266845,-1.015857988305765,0.3386193294352551,1.4063009505448252
