,DSP-1001660005648-A-A02.dcc,DSP-1001660005648-A-A03.dcc,DSP-1001660005648-A-A04.dcc,DSP-1001660005648-A-A05.dcc,DSP-1001660005648-A-A06.dcc,DSP-1001660005648-A-A07.dcc,DSP-1001660005648-A-A09.dcc,DSP-1001660005648-A-A11.dcc,DSP-1001660005648-A-A12.dcc,DSP-1001660005648-A-B01.dcc,DSP-1001660005648-A-B02.dcc,DSP-1001660005648-A-B03.dcc,DSP-1001660005648-A-B06.dcc,DSP-1001660005648-A-B08.dcc,DSP-1001660005648-A-B09.dcc,DSP-1001660005648-A-B10.dcc,DSP-1001660005648-A-B11.dcc,DSP-1001660005648-A-C01.dcc,DSP-1001660005648-A-D12.dcc,DSP-1001660005648-A-E09.dcc,DSP-1001660005648-A-G03.dcc,DSP-1001660005648-A-H09.dcc,DSP-1001660005649-B-A03.dcc,DSP-1001660005649-B-A10.dcc,DSP-1001660005649-B-B05.dcc,DSP-1001660012099-C-A09.dcc,DSP-1001660012099-C-A10.dcc,DSP-1001660012099-C-B02.dcc,DSP-1001660012099-C-B04.dcc,DSP-1001660012099-C-C01.dcc,DSP-1001660012099-C-C02.dcc,DSP-1001660012099-C-C06.dcc,DSP-1001660012099-C-C08.dcc,DSP-1001660012099-C-D05.dcc,DSP-1001660012099-C-D06.dcc,DSP-1001660012099-C-D10.dcc,DSP-1001660012099-C-D12.dcc,DSP-1001660012099-C-F05.dcc,DSP-1001660012099-C-G08.dcc,DSP-1001660005648-A-A10.dcc,DSP-1001660005648-A-B07.dcc,DSP-1001660005648-A-C04.dcc,DSP-1001660005648-A-F02.dcc,DSP-1001660005648-A-F05.dcc,DSP-1001660005648-A-F08.dcc,DSP-1001660005648-A-G08.dcc,DSP-1001660005648-A-G11.dcc,DSP-1001660005648-A-H02.dcc,DSP-1001660005649-B-A04.dcc,DSP-1001660005649-B-A05.dcc,DSP-1001660005649-B-A06.dcc,DSP-1001660005649-B-A08.dcc,DSP-1001660005649-B-A11.dcc,DSP-1001660005649-B-A12.dcc,DSP-1001660005649-B-B03.dcc,DSP-1001660005649-B-B06.dcc,DSP-1001660005649-B-B07.dcc,DSP-1001660005649-B-B09.dcc,DSP-1001660005649-B-B10.dcc,DSP-1001660005649-B-D09.dcc,DSP-1001660005649-B-D12.dcc,DSP-1001660012098-D-A08.dcc,DSP-1001660012098-D-A11.dcc,DSP-1001660012099-C-A02.dcc,DSP-1001660012099-C-A03.dcc,DSP-1001660012099-C-A06.dcc,DSP-1001660012099-C-A07.dcc,DSP-1001660012099-C-B01.dcc,DSP-1001660012099-C-B03.dcc,DSP-1001660012099-C-B05.dcc,DSP-1001660012099-C-B06.dcc,DSP-1001660012099-C-B07.dcc,DSP-1001660012099-C-B10.dcc,DSP-1001660012099-C-B11.dcc,DSP-1001660012099-C-C05.dcc,DSP-1001660012099-C-C07.dcc,DSP-1001660012099-C-C09.dcc,DSP-1001660012099-C-C10.dcc,DSP-1001660012099-C-D02.dcc,DSP-1001660012099-C-D03.dcc,DSP-1001660012099-C-D09.dcc,DSP-1001660012099-C-D11.dcc,DSP-1001660012099-C-E01.dcc,DSP-1001660012099-C-F04.dcc,DSP-1001660012099-C-F12.dcc,DSP-1001660012099-C-G07.dcc,DSP-1001660005648-A-E12.dcc,DSP-1001660005648-A-G06.dcc,DSP-1001660005648-A-H12.dcc,DSP-1001660012099-C-A08.dcc,DSP-1001660012099-C-B12.dcc,DSP-1001660012099-C-D04.dcc,DSP-1001660005648-A-F01.dcc,DSP-1001660005648-A-F09.dcc,DSP-1001660005648-A-F10.dcc,DSP-1001660005648-A-G01.dcc,DSP-1001660005648-A-G02.dcc,DSP-1001660005648-A-G07.dcc,DSP-1001660005648-A-H03.dcc,DSP-1001660005648-A-H04.dcc,DSP-1001660005648-A-H07.dcc,DSP-1001660005648-A-H08.dcc,DSP-1001660005649-B-A02.dcc,DSP-1001660005649-B-A09.dcc,DSP-1001660005649-B-B04.dcc,DSP-1001660005649-B-D08.dcc,DSP-1001660005649-B-E03.dcc,DSP-1001660005649-B-E04.dcc,DSP-1001660005649-B-E07.dcc,DSP-1001660005649-B-E08.dcc,DSP-1001660012098-D-B01.dcc,DSP-1001660012099-C-A04.dcc,DSP-1001660012099-C-A05.dcc,DSP-1001660012099-C-A11.dcc,DSP-1001660012099-C-A12.dcc,DSP-1001660012099-C-B08.dcc,DSP-1001660012099-C-B09.dcc,DSP-1001660012099-C-C03.dcc,DSP-1001660012099-C-C04.dcc,DSP-1001660012099-C-C12.dcc,DSP-1001660012099-C-D01.dcc,DSP-1001660012099-C-D07.dcc,DSP-1001660012099-C-D08.dcc
ACTR3B,-0.9971643689250045,-0.47370749023821457,-1.0902507573905047,-0.22824059350523473,0.06154978330307559,0.7839505161159352,-0.5662037227847847,-2.1222872958421046,-0.7492913683497746,-3.4107065962317846,-0.04313512061874469,-0.24241752762139468,-1.1336321086155445,-0.6514631100474846,-0.5054110125178046,0.39493931700438534,-0.13933814559448443,0.35376571883549524,0.07253893058214533,-3.4107065962317846,-0.8038997346625347,-1.6145102997261347,-1.4527156257892946,-1.8630245905713245,-0.5437997693035248,0.4244035665002053,-0.13933814559448443,-1.1951925246651647,-0.9701648921148047,0.39493931700438534,0.03450809649499531,-1.2529362877251446,-0.6135407039979346,0.13193121895322557,-0.3370405301252348,-1.8630245905713245,-0.0692210974861247,-0.3727948102349945,-1.7490006568510645,-1.0771615438382445,-1.3734465749000144,-3.0351525142807345,-0.6216102869739544,-0.4044278311450644,1.4346146352129052,1.7594570116632555,-1.1457255782751046,0.3731996086477256,1.2295604199162655,-1.0771615438382445,-3.0351525142807345,-0.2157026116960945,0.8571401129315555,-0.3737372863987245,-0.07650262060410462,0.8730701402136356,-1.0771615438382445,-3.0351525142807345,0.3103532850233153,0.47413039623982556,-1.2748223689074045,0.6134075707246356,1.050578105000385,-0.04883376941150441,0.9121422458138855,-0.7893619196076944,0.0027592717160556113,-0.27590902809643447,0.7293198007865453,-0.6216102869739544,0.0568220360985654,1.3036073565906658,0.0256142860948656,-0.11555878870831471,0.6783083810315653,-0.006005473734944644,-0.4044278311450644,0.1007197268022555,-0.7721100011750344,-1.7812245143772945,-0.11014893566295436,0.29652250014666537,-0.5715368354843444,-0.8773822057740945,-0.4969431266955544,-1.2389562177750846,-0.8293364268249936,0.061011235774516503,-0.8293364268249936,-0.8966134646946236,-0.8802377543666435,-0.012202247154903478,-0.011955671592915884,1.1605323679798643,1.6148832496604242,-0.37442053999170577,1.013094288869854,-0.31273676173959597,1.652925019355854,1.6031033606589844,-0.45928074500453575,1.545796575827004,0.42683197575010423,0.9389569402031044,0.42683197575010423,-0.12873827952263595,1.5598811167780942,1.272672436046304,-0.17464120192755583,0.8269457042602144,0.741254555672354,0.6262383832424341,0.42683197575010423,0.4974070628412144,0.3290037174478142,1.2102263047508144,1.4384721929331543,0.34785896883976397,0.741254555672354,0.03347588046016403,1.9360954363076646,0.9992635039932041,1.0690461956999342
ANLN,-0.19337935148190288,0.233993025635157,-1.1442919632779232,-1.306977493612563,0.6115232006027673,-0.8928121177856831,0.7299093102285168,0.3408981111169669,-0.09717632650616315,-0.19337935148190288,-0.09717632650616315,0.7299093102285168,-0.05639567919074295,-0.34474732520169304,0.3408981111169669,-0.5594522184052231,-1.803041862738483,-0.08035377006768307,-0.4418198575167329,0.18381228288616702,1.2608677835765265,1.074863965633127,0.3408981111169669,-0.05639567919074295,1.2456441069171467,-0.2822817993926532,0.5484759013303773,0.409730858322757,0.28802133231119686,0.3408981111169669,0.40331504153753706,0.18381228288616702,0.030761279558586985,0.1580518295485267,0.08571927311581673,1.3389228366694867,0.5697992748538265,-1.051205574812423,0.3408981111169669,-1.1152220298334257,0.03433543743017431,0.4185305029544142,0.9719767789419445,-0.5424455122709757,-0.7695207709559058,0.8947286055106538,-0.6234686734262258,-0.7695207709559058,0.25318774202225436,-1.2516897695239657,0.8769857949775242,0.27688165609596416,-0.2573958065029056,-0.8673490292581958,0.6658928552075141,-0.08354956441342587,-0.6234686734262258,-0.5424455122709757,0.5833458436417338,0.36352837007208416,-0.397799075756756,-1.0391367905459057,-0.36047518852981586,-0.5424455122709757,-0.7695207709559058,-0.5255096340936456,0.7752967356020646,0.7397426896016546,-1.7800356277544458,-0.8980395740045357,-0.5701143634635759,-1.2516897695239657,-0.21872835327686602,0.29219689554144423,-0.2573958065029056,-0.12945291410100568,-0.8980395740045357,-0.5424455122709757,-0.573525206940646,0.9157358983493138,0.211641716953324,-0.7695207709559058,-0.31475048415780593,-0.44104095150839573,-0.8758088977674556,-0.9568285728066859,0.2031920700320171,-0.6686048661721831,0.13372097323443688,0.6389222100630372,0.4468157169388469,0.22809623961563652,1.676147049086302,-0.2009480778530981,0.6526669386677324,-0.1522356134169378,0.6885060367277016,1.1864511102462019,0.1268630111807818,0.4391371518617322,0.6621265552268816,0.826791793035532,1.7311115030463022,0.6277776607685523,0.2249560209511321,1.1662579950892318,-0.287731822971248,1.4023300091573323,0.28985683125806183,1.2903968381671018,-0.3499379979476882,-0.20959029107183813,1.122385544268972,-0.8167972024849881,1.0981974100451724,0.19919556761349178,1.179493124701922,0.2658598640317522,1.1662579950892318,-0.5692005615737381,1.3800665747344518,0.7710530482934819,1.3049310217878722
BAG1,0.8026420789825677,-0.4048041771146629,-0.2735825184734426,-0.45133813828271263,0.06078682617028752,-0.6386459401334927,0.23463306825976726,-0.7970393971602325,-1.3374508590373526,-3.2105816244670127,-0.5491663965850027,-0.04229255585662273,0.43797846053835743,0.43797846053835743,-0.7970393971602325,-0.3052860407530327,-0.11066959846385283,-0.34367479753875285,-0.017367664620082657,1.463214935980087,1.2066739560649076,0.5298243496265171,0.26167475506784754,-0.45133813828271263,0.17381240758450733,-0.3333375044602729,0.43797846053835743,-0.7366420387085428,0.20383593574773728,-1.1245260551007625,-0.24695178561556252,-0.7209541578727126,0.6498251924167575,-1.3374508590373526,0.23463306825976726,-2.2384512923970337,0.13090387427864725,-0.7970393971602325,-0.7970393971602325,-1.0964737230125223,-0.6409224661482322,0.21690375718228783,1.446276342627138,0.7806454692769775,0.06553578346249767,-1.6905935843441324,-0.04858170665829231,-0.2952212072707123,0.5224698707964675,-0.10359571130845247,0.5940953915503577,0.7511812197811576,-0.06814594858578227,1.1401924188927075,-0.40631303452221257,0.2772103209723875,0.5940953915503577,-0.06814594858578227,0.13874926639191765,0.4548182170655477,0.8261815927968774,0.7211026520502974,0.11382437515537758,1.435202195987038,-0.016552907458222244,-0.43468006274101256,-0.45774181828894234,-0.10359571130845247,1.698650464368558,-0.23501479087037236,0.37643747639119773,0.06553578346249767,0.4680502344500277,-0.5245156399573925,0.8928300666396076,0.5710212441395677,0.08140754762797764,0.7511812197811576,-0.3564845683418323,0.2677290746218275,0.39074999927176757,-0.12946111483723222,0.6506946263029776,-0.06814594858578227,0.06553578346249767,0.01920137265153743,-0.8865375761421017,-0.33197168332333193,-1.1900499155068218,0.2371226309452381,-0.9349426933167417,-0.8664037617325717,-0.09018700833293014,-0.5679796626188502,-0.18639003330866988,-0.69851499776167,-0.11225268464192029,0.26685845727465995,-1.1011294296164302,-0.02685631409975997,-0.2894694153355801,0.4895362761486499,-0.69851499776167,0.25570241136632976,-0.41984669794917995,0.014497895588890142,-0.6383085813613301,0.21205802735650003,-0.18639003330866988,0.7926373731437999,-0.3840924178394203,-0.64602056312332,0.27148146865479994,0.26685845727465995,-0.7963432560639601,0.0,-0.18639003330866988,-0.3578464579428102,-0.69851499776167,-1.54327147823119,0.4895362761486499,0.36899454524452,-0.6665144658933002
BIRC5,0.8605406232622101,0.019863305292520117,-0.03357469007652991,-0.42917406805675995,0.04299264756295962,-0.3740839617772904,1.1286775159670297,0.40396111795912937,0.5783428462722595,-0.4395557564443102,-0.18658242061278063,-0.5520267525912201,0.8428020180928293,0.37463297964144004,0.3522388673414598,0.28289213024656945,-0.6953857274241804,0.2742553686993494,0.04737252196787978,-0.4926152752890207,-0.006084539028120339,-0.3320305990109702,0.5156520779659797,-0.03357469007652991,0.008692198611599977,0.15762871277879942,0.48852948027404963,0.03906250964138014,1.33062612634484,-0.07849946184876,0.3490111421483899,0.17133834938868997,1.2659295158912194,-0.24841998231570006,0.11570035026921932,0.5422741671859601,2.0821084324409798,-0.07343817738995018,0.15934955898043945,-1.19868520485206,-0.47624756953876,-1.2826197061556899,-0.5523481828400696,-1.0296047608591197,-1.5337218944277593,-0.1041002277841594,-0.2855694154516195,-0.6418968193337697,1.1439652861691707,0.026351729134700186,0.9172189980717302,-0.26942241881083007,1.4203101593749006,0.4416051047877003,0.4901202100432007,0.4369986849527603,-0.12684096015108004,0.18892051782311015,0.4752958915921406,-0.7177661981986194,-0.43343461321273935,-0.8652763415684195,-0.7727306521586197,-0.12761695329102007,-0.5011710635882798,-0.2939318808197493,0.055130708223660285,-0.4356419973624295,-0.7499915187098898,0.009981152901370471,0.16597552902354007,-0.8826376133636495,-0.5570919422689,-0.2300976888841797,-0.22722694596841997,-0.06723065383490923,0.09226064834033032,0.030995118984169956,-0.26629274814516,-0.019962305802740055,-0.5598096816447296,-0.08049230529177986,0.5546356933007006,0.34250218073893013,-0.6235369017378698,-0.3383284353081697,0.4190510322227201,0.10062701461269974,0.8803744075050002,-0.012872661927340268,0.0,0.16318371254422992,0.6992922944692515,1.012046249303821,0.9425774380307015,-0.3233710440780291,0.6052934224507913,0.792964368558601,0.8063102206019117,0.9224056584587412,-0.4357295405918684,0.8969138008893314,0.9176414784077611,0.22707451695645098,0.4202122184293211,0.724647459145781,0.7272589944247017,1.2749091953507214,0.18209580229167166,0.8616918341160416,-1.3957879953446888,0.05118913885853171,0.3875656374774117,-0.4357295405918684,-0.10039163955207897,0.002699030915390921,0.6493246637784411,-0.12192418567085905,-0.08218755735528838,-0.27657658792312834,1.2726040997267116,0.4016475848607417,-0.021592247323128255
BLVRA,1.292125593202317,-0.25789824679853357,0.6350651336034767,0.2914333621848266,0.7419702190852866,1.0301140914204767,0.8043871495058568,1.012595308571087,-0.1266765881573133,1.437065341931267,0.30389578146215657,1.3268888724359567,-0.7866012065346433,0.7907482187085066,0.49942400041949675,1.1309814181968365,0.20769275648641683,0.5232379114456767,0.12953826569604665,0.8836190659437366,0.12953826569604665,0.009990371955666433,-0.02576390815409324,-0.3044322079665833,0.32071833790063664,0.2914333621848266,-0.15838011043690337,-0.012487964944583485,0.11451893190189644,0.4318333875269067,0.11222548168693658,-0.07735694928165326,-0.8046043891113634,0.10461337445950658,0.14475490740423647,-0.3044322079665833,0.5284769308011565,-0.6501334668441032,0.03623633185227648,0.12671540084277755,0.6519033094163675,-0.15195289896971254,0.3601720654832876,1.3716374944486573,-1.3635143794935525,0.47319764689750743,1.0019685447232773,-1.3635143794935525,-2.9111963851540126,0.9432275277053774,-0.15195289896971254,1.0628325679977775,-0.7534260766473726,-0.5907405463127327,1.1597003126422272,-1.1150000886483626,0.6519033094163675,-0.7534260766473726,-0.08137781187860238,0.07512235971521752,0.9694499010978772,-0.42156891855971246,0.02580272083955748,1.1097400895455078,0.8944495280821574,0.9991655475367773,0.6519033094163675,0.49715573777444755,-0.39486709923862273,0.7037845535431173,0.047453508522617316,-1.3635143794935525,0.6757172204425475,0.9694499010978772,0.8022645101582873,0.31487240158921725,-0.09174648256937257,1.1401853396687778,0.6193276860852275,0.9810962420582774,0.9155566440364775,0.29723421640110725,-0.6592314154482426,0.5230580959749473,0.28647236507857743,-0.15195289896971254,-0.2678186306586494,0.00428505635957066,-0.2678186306586494,0.2704218813113304,0.1720431982849604,-0.04713561995527904,-0.6784334969547512,-0.3303716657627711,-1.3818577543942712,0.3087113601686089,-3.339848724836761,0.14339680197716875,-0.41484514621898105,-0.5281108040141111,0.49974146124711893,-0.5806052386524612,-0.5806052386524612,-0.06848027419946101,-0.5806052386524612,0.03545744656160865,-0.06848027419946101,-0.5033800182982411,0.7115329999860291,-2.051429424447081,1.477946811974589,-2.014851133218631,-1.3818577543942712,0.6847030709337387,-0.17155965622637126,-0.17155965622637126,-0.838863964754561,1.0159525625164392,-0.2661826587302114,-0.4854452223562613,-1.3818577543942712,0.4869043043537289,-0.0019698581423113204
CCNB1,0.7104714318182634,-0.037900356682026626,-1.8738335182121566,-1.3691434923852066,1.3105755706998234,-0.8595852220401166,-0.8595852220401166,-3.0951744814179065,-0.7747186425766266,-3.0951744814179065,-0.4337592535358965,1.5469148207248837,0.3131776415105536,-0.8180999938016664,0.5942894466680837,-0.18987889770392652,-2.0372375878762665,0.9698364146332237,-1.4927101118645465,0.7104714318182634,0.9293773143525934,0.6452314926756233,-0.057262695421116394,-1.5474924757574464,0.2892195506336135,0.3390799997110534,0.5533856035874636,1.3613494281643739,0.2637136494278134,0.004737544585253328,0.3500402113088734,0.9051022604261538,0.32942103185565363,-0.4337592535358965,-0.17017090280012637,1.0994826309298134,1.2088865113243639,0.3770818981169537,0.5942894466680837,-1.799642072007766,1.2677399149557544,-3.088061372397446,-0.6745191450906658,-0.45733668926177584,-3.088061372397446,-0.22115454546918611,0.18330707823985426,-0.8109868847812058,-0.2048661846734059,-0.8109868847812058,-1.130070401954956,-0.45733668926177584,-0.10174262752821583,0.45457644278756426,0.003913177981853977,-0.9846047218556357,0.4750383221729342,-0.930291063890806,-1.068386623702846,0.18330707823985426,0.1380074143457839,-1.362030383364746,-1.866720409191696,-0.23365786991694604,-0.6745191450906658,0.07444036639437401,0.3841950071374143,0.5604987126079242,-1.339332743011686,-0.45733668926177584,0.003913177981853977,0.0319391045200641,0.7310520235487541,-0.16846764682502613,0.18330707823985426,0.04290380898600388,-0.930291063890806,-1.241393519932166,-0.29913493961663606,0.506390407624004,-0.516125688063926,-0.3288178862131459,0.440168968169234,-0.45733668926177584,0.253424126348214,-0.516125688063926,0.338148212493977,-0.5903152357732533,0.7452026145575568,1.1605695474280369,0.1587543122359767,-0.3175086244719534,1.2001657108609134,0.3971759513419437,0.917455776377464,0.8515268330225036,0.24973787223193344,0.24973787223193344,0.3494467656546636,0.5236374782034336,0.44686988811289385,0.06358928762229388,-0.6061404604778162,0.41351498344844373,0.37648845246274387,0.7098779861640536,0.7098779861640536,1.142228664432074,0.6176929682401835,-0.19047234335813634,-0.022101860965566544,0.8397469440210639,0.2795382443262535,-0.48896106550286644,0.0725211415382736,1.5073292616840437,-0.03849380233623645,0.004144098931043505,0.3494467656546636,-0.24136442459161644,-0.5575585394869362,0.8124547274222538,0.6861840720903438
CDC20,-1.4436302610117366,-0.4439209725104467,0.4373016147925535,-0.11901745552322662,-1.8169169000027767,0.16603225024484347,1.1835945054776031,-0.3460927142081567,-0.7848803615511768,1.3954048356896935,-0.4439209725104467,0.4373016147925535,0.5432238846129134,-0.3460927142081567,-0.005424174389296876,-0.20004061667847672,-0.6917939730856766,0.043393395114373234,-0.4985293388232068,0.3669201791424035,-0.4985293388232068,-1.3091399038868068,-0.3460927142081567,-0.8282617127762166,-1.0530952316419766,-0.47461151725678663,-0.5086133252263867,0.6766157987700034,0.6474329340379432,0.16603225024484347,0.3398784923343232,0.5432238846129134,0.4577634941779234,0.35242228355351335,-0.031670134285906926,0.7490877124669333,1.4257276825830232,-0.3460927142081567,-0.6917939730856766,-0.7064582496107299,0.4430992176528701,-1.16200950647502,-0.21470489320353003,-1.16200950647502,-0.8429259893012699,-0.2530936499892502,-0.7064582496107299,-1.57231847125705,-0.23680528919347,-0.8429259893012699,0.15136797371979016,-0.9622301684108701,0.38928243360305004,0.2475709986955299,2.7430047357408203,0.4304665983175098,-0.08208869092071991,-0.13368173204827993,0.07321348292941998,-1.67050597666341,-1.12553098973129,-1.3939694878848101,0.04828859169287991,-0.26559697443701014,-0.36075699073321,-0.2957773349882,-0.08208869092071991,0.0,-2.282562349547048,-0.13368173204827993,-1.41601961089028,0.0,-0.36075699073321,0.1060683098257198,-0.03227717128569996,-1.12553098973129,0.38928243360305004,-0.7064582496107299,-0.33107404413670016,0.9009359977820104,0.4304665983175098,-0.36075699073321,-0.47184881798471023,0.06246552580903986,-0.46704511754475986,-1.32380418041186,0.3763703640222307,-1.8818518201111496,0.7834247660858105,0.9730647570416706,0.8101612331429204,0.6778510702089604,1.5590901980670204,0.31376299778587047,0.5960171326026509,1.3590975089964403,1.34259921621469,1.2394394282048906,0.28609211411697055,0.32208030084245065,0.15807991268084054,0.5356100876484509,0.23490643043179027,-0.26929246443621935,0.8650891370442104,1.6713274476152207,0.07432002362361034,1.1669307211396602,-0.03137800455295947,0.8151403722796808,-1.7444646185678696,-0.21413102063430944,-0.26929246443621935,-0.057415388259589584,0.7055229733142601,0.6539961972742003,-0.48338679033763965,-0.8603904357995598,0.3675617394208506,0.053790864947930395,0.5761611635227903,0.10789916993185056,0.5027709849064501
CDC6,1.5642565938551827,2.8559100245279225,-0.4857708935763676,0.45065845172452246,0.2508791136603725,0.8648238275514024,5.296953756773923,1.3307999292146726,2.7722567411665926,-1.7071118567821175,0.16601890864754254,-0.4857708935763676,5.155937350637003,1.4128886201353925,2.986926919463783,-1.7071118567821175,-0.04540591740139743,1.6772821752694025,2.7773141090962525,1.3307999292146726,0.8996950047871324,1.3665542093244323,1.3307999292146726,1.4128886201353925,1.6772821752694025,0.018919132250582393,0.49656137412944235,2.918687974243513,-0.3228700637738975,-0.31593354824552744,0.08908443972353242,1.9414482282232526,0.5519594482574024,0.16601890864754254,1.3665542093244323,2.4875452555656024,1.3307999292146726,2.0985340564540524,1.7174836564914426,-0.46481048987182794,0.026942866535371923,-2.878352717178608,0.684746977391772,0.10796602769062202,-0.601278229562368,-0.36202343126321823,-0.32529096861402795,-0.601278229562368,0.1728350120276918,-0.34014332959342797,-0.920361746736118,-0.46481048987182794,0.630930193341952,0.28993635143178187,-0.06661479635595802,-0.5217236628490682,0.28100449751580214,-0.7205824086719681,0.7306204986488218,-0.7205824086719681,-1.744869280767088,-0.38872525058430796,-1.005221951748948,-0.02394921469810818,-0.11910923099430804,-0.632562122505568,-0.6746794862670482,-0.920361746736118,-1.5144816080677281,-1.428858216924508,0.448177177260602,0.24164775973890196,-0.6542877587348679,-0.3484036636809882,-1.428858216924508,-0.2065041320609282,-0.46481048987182794,0.10796602769062202,-1.2409158474703281,0.10796602769062202,-1.0821564206729581,-1.4730742861997181,0.7410526880969419,0.3041132855479418,-0.601278229562368,-0.30641703284508814,0.7399888910588652,0.06820502449822508,-0.5259713484860848,0.2972357064616751,-0.022735008166074877,0.4845435083124552,-0.10697325759377496,0.779139463160865,1.057807762973355,-1.980104023023435,0.6267028385458149,0.03957072567116482,0.9448995555943451,1.548126317543245,-0.7587630598176851,-0.31839808364271494,-0.873030674410125,0.17766628548320496,1.2912644276138652,0.22356920788812484,0.6506206601122351,1.6249799234570648,1.006214721845795,-0.02211305258094498,0.5918316613100849,1.2339097499589649,1.057807762973355,2.214553089324285,1.2912644276138652,1.0771701017124449,-0.10697325759377496,1.1198080029797248,1.7603019510700948,1.006214721845795,-0.02211305258094498,2.005232506766615,1.540676768047065
CDH3,-1.223944847897758,1.082252561159712,-0.224235559396468,-1.778577438665168,0.7629092977268921,-1.089454490772828,-0.650061527900688,-0.927659816835988,0.9539393988054021,-0.47210855997169787,-1.012520021848818,-0.224235559396468,-2.885650787278478,0.23434968963903202,0.21426123872468184,-2.885650787278478,-1.223944847897758,-0.8334098185279979,1.0456834042009922,1.7042112718649918,0.9460240636846922,0.9824120563782621,0.919995125957692,1.1488962896945516,0.701262818318082,-0.727880478771838,0.019644796435501988,-0.0024555995544379705,0.6337977394705319,-0.7995952179122279,0.07797905157297214,-1.159619798245778,0.7420140968203621,-0.224235559396468,0.8547551868150518,-0.3474413996932979,-0.23269542790572784,-0.927659816835988,-0.20538030800451823,-0.07616597675322678,-1.1737035235568067,-0.07616597675322678,-1.1737035235568067,-2.835409462937527,-1.2877274572770667,0.5489845691139932,-0.9459825269318969,-0.5583349753212867,-1.3385712603444468,0.11545951920903308,0.8131506220678433,0.5598149718426932,-0.20468477980185673,0.3328796056728631,1.169383760085653,0.49626555148987306,0.3239477517568834,-0.6776391544308868,-0.005590889662116627,0.15090928193170328,-1.0750793175641968,-1.109378473904827,-0.1739942350555168,-0.9209224572227468,1.1118852971570932,-1.5702044928094268,0.06988612077645318,-1.2877274572770667,-1.997971335567065,-0.9887416104722468,-0.18725780400472702,0.2845910139799832,-0.9782588070947968,-0.8409399757513067,-0.5021895725359569,-1.7019260265260068,-0.6776391544308868,-1.3859149626834268,-1.014372261545967,-0.9209224572227468,-0.478780408607987,-1.430131031958637,-0.8315736113616867,-0.5021895725359569,-1.0680351576306168,-0.2634737786040069,-0.037376492537029904,0.20121676790545018,1.30099323002338,0.11212947761109016,1.24690405728489,-0.2107505453604599,1.253725410070429,1.253725410070429,1.8502651802892394,-2.940931702277291,0.7836852389433391,1.669123472023149,0.9672909522170792,1.9094930422811793,0.227357366333099,0.4343744691210789,-0.1816882160929909,1.3840486015633489,1.006363057817329,2.405017355419559,1.6139397787920289,2.190988666840069,-0.31020701914162085,-0.1816882160929909,0.13273436382925885,-0.9370958507014508,0.6221679922930892,-0.598026699907221,1.7391235366757694,-0.8268700878806912,1.7391235366757694,-1.2792257628965709,1.8768638345340594,-2.940931702277291,0.9134922105820991,-0.015928123659510796,2.138029576894539
CENPF,-0.7311504238226154,0.4129210841490143,0.5441427427902346,-1.2857830145900255,-0.43486539276084546,-0.5966600666976856,0.17907932113018443,0.6450554227934546,0.7754327054070544,0.02068586410344464,-0.07240052436205557,0.5441427427902346,0.7271441137141745,-0.8451743575428754,0.02068586410344464,0.02068586410344464,-0.7311504238226154,0.12347292271205434,0.4369622100720747,1.5544383968912845,1.8798791765659648,1.2074907598146143,-0.43486539276084546,1.0154957597251246,0.4740504637249243,0.09677110339096462,-0.43486539276084546,-0.8960181606102555,0.4224736545163945,-1.7690119122174646,0.6808097029032143,-1.2857830145900255,0.6130266235933846,0.10812839687886466,0.17907932113018443,-0.43486539276084546,0.8785120874339647,-1.1044370628136555,-0.30680079383708536,-1.0698636226727958,0.7777913201208841,-0.2686111069309858,-3.027854593115286,-0.6946347027137159,-0.7507801054990457,0.12087500239154414,-0.021971606318565762,-1.4801725874548257,-0.14465940539124578,-1.4801725874548257,1.166802519232434,-1.1811867406500058,-1.5783600928611858,-0.3664393652332758,-0.379702934182486,-0.671225538785746,-1.0698636226727958,-3.027854593115286,-0.6849495907452159,1.166802519232434,-0.10826086754286601,-1.301823604082586,-0.3664393652332758,-0.31865332840965577,-0.6143123658085057,0.344738705292154,-0.12255900940130582,1.503209289860194,-0.724988295867866,-0.6143123658085057,-0.5642389143188957,-3.027854593115286,0.12087500239154414,0.3714567499239143,0.6207054918900843,0.0012924474305040512,-0.3971299099796157,-0.8700842846086458,0.145637333441464,0.39091434579727435,0.522612482119734,-0.2686111069309858,-0.7758896234095158,0.15461140961126407,-0.4896452055301057,0.30382042131211406,0.5645852586749547,0.878074546034975,1.1969855682663948,0.08081240431599501,0.5118716515559549,-0.40406202157997506,1.8028160528583688,-0.6593663586336009,1.6435604626015095,-0.5351266146321709,0.700096374772269,1.231499356145969,0.2661259011096391,1.3696236308413092,0.874453890538379,0.5447942009221292,0.49320115979456913,0.49320115979456913,0.2661259011096391,0.41217799863931903,0.642754656008329,2.151451513877699,-2.493117585074661,0.7782508655626392,-0.696921288569011,-0.029501906278270873,0.8821885863237089,0.11368927649458893,1.701539527273059,0.4438815209189091,0.007867175007539196,-0.07957535776788083,1.3336354441158291,0.6140585482962289,0.9152345378537992,0.2661259011096391,1.425490233659629
CEP55,0.2162614765552502,-0.17854914940473998,-0.17854914940473998,0.008270838320580065,0.45880769522104003,-0.07546976737782973,-0.27317215190858013,0.45880769522104003,-0.40983911202155987,-0.9332959907083498,0.020733257597910004,1.2161836632949101,0.84781889433259,0.0615139049133302,0.2162614765552502,-0.07546976737782973,-0.07546976737782973,0.5757152073143699,0.2621349978123,1.0589118341026,0.84781889433259,1.4062769398084405,0.1254181615197303,0.5075856948442601,-0.19810862250829997,0.23376334748627992,-0.1874810033207197,-0.4636430302910899,0.06757934219962003,2.0493959777452697,0.17802685219995995,-0.16437221528858004,-0.6665677387411701,-0.6854229901331199,-0.015163203587730045,0.3017218669902402,0.0615139049133302,-0.07546976737782973,0.07775729525843023,0.4583792728630893,-2.0745719001039102,-0.9770343533003305,0.2769458639649498,-0.5538118367580807,-0.6162773625671205,-0.35188380743311054,-0.46490938884733035,0.11814607337475946,-0.053195809844840625,0.018882988280549462,0.21101692060998944,-0.3410534047044105,-0.02281694417233071,0.1033123465992496,-0.031118519726640592,-0.8112742608668504,-0.3609716680862607,0.15601478772765942,0.19505635199483962,-0.46490938884733035,-1.3637230325514005,-0.7499590946154004,-0.19364002429962035,-0.5175908426073605,0.06936807375153942,-0.2999434084565107,-0.9770343533003305,0.7947860434908494,-1.0340370078133407,-0.6004055984016405,-1.0881261805518307,-0.08771775447926045,0.18627558584486925,-0.5102090527414007,0.4583792728630893,-0.25756939835351034,-0.6004055984016405,-1.1055531563489605,0.08021760821682955,-0.1418260594631806,0.3919239478194898,-0.8112742608668504,-0.40974794504542045,-0.8590337194778908,-0.6983660534878404,-0.5278472379295107,-0.26124107280001674,0.052248214560003614,0.8093432468811534,1.9755447991081638,1.8272442342940236,1.5611895121559938,0.32815624015005307,0.15942287146849354,0.6964528320328331,-0.9983308929467665,0.5151611606382338,0.3545357216508731,0.43708273321665336,0.3765292049740032,-1.0961591512490565,0.43708273321665336,1.1421840449388934,1.0853026253089735,0.8322876800124033,0.8322876800124033,0.04807153410510345,0.3462908270419134,-0.24829146861050644,0.9564265230902733,-0.6839083130245167,0.43708273321665336,0.3186966235909039,0.6596812014008537,0.3836472648531539,0.4886095092567131,0.2704451638745238,-1.0773038998571067,-0.017168405037536694,0.13471824808122346,0.3592476994652434,1.181482955509653,0.20385274191376368
CXXC5,0.5040598463275314,0.11895724446657141,0.3566362764424609,0.8848801710436209,1.404494856435191,1.3657032953447317,0.01700863975761102,-0.2841403507601683,0.6226993579032509,1.108109568539411,1.504028274858241,1.436522967921431,-0.3258642765091091,0.22945070566133108,0.14032968260001155,1.035822842278261,1.305487253605241,1.0290681148610714,-0.01360691180608864,1.5500027133984116,2.074848220749711,1.6128746978195014,0.9066627101322409,0.7943042136184015,1.0822406124801516,-0.9261568723531788,0.3535895487392011,1.1519660329047712,-1.0592758395585888,-1.0103960670933687,0.35924264601920086,1.514978335690481,-1.3545283666854186,-0.5895276501147886,0.3249869412878015,0.7943042136184015,-1.6011678672978387,1.584196916956631,1.795962773258771,0.9919473238356362,0.6668260869639866,0.09980766232846694,0.9497518509932261,1.3955748986935363,0.2464509285748564,0.5014080716054368,1.5139674105425565,0.2464509285748564,-0.3217836196667534,1.8608638667172066,-1.0047474104897334,0.27407215839697674,-0.6019257706723131,1.8206060739817467,-0.4005363886517639,-1.0047474104897334,1.7988294463133467,-1.1440245849745434,-1.3078016961910537,0.09980766232846694,1.2842922984029261,0.004088281963896101,0.6054275441144563,0.6605610242741768,-1.6153957094983133,-0.28519640411193325,0.5864866153972068,0.09980766232846694,0.8656000248981464,1.8819607284062467,0.9664104044732165,-1.2449553725666433,-0.5005844938938138,1.1208079758359064,-0.09843601442578365,0.47702743470827613,1.567269036719546,1.0248370659824868,0.13329873611199616,1.0915573165130361,-0.6679709657050537,0.7180032062157764,1.735447885720676,1.9605616654803368,-0.0069500793386234605,2.0477294229850163,0.04393015306877679,0.091970655492017,0.29715943187235716,-0.4832316837565429,-0.871862149569913,-0.4871064036931534,-1.901881107793911,-0.027679834287471117,-1.8087947193284108,-0.027679834287471117,-2.619872577081831,-1.3925183733597808,-0.6718698714001712,-1.130362396255891,-0.027679834287471117,-2.5606310072544707,-0.4467696011298812,-0.9509684959978908,-4.222336946635191,-1.8087947193284108,0.27840408944695927,-1.7714780012330809,1.1886472562113193,-3.438837197445344,1.7509491046664492,-1.758721267838801,-0.8470307752368211,-0.8768311473311412,-1.285337840641621,-0.3171641292155911,-1.165062821899311,-0.027679834287471117,-1.2973333680174108,0.07750353600491877,-1.102336469717681,0.21119754685670866,-0.4403849474727308
ERBB2,2.358278215222473,0.5438717595667528,-0.004370185075847743,0.2995582286708629,3.4306658079744334,3.6904563957783925,4.211787069373933,2.549629937683113,0.3073670304768221,-0.45116016797813785,-0.12529253986365774,3.5004484311282926,3.913301638918133,2.478355867539703,0.6432409027408923,0.034961480606782835,0.16635701774818212,3.570480954119862,0.46351917627023287,2.5761319894541526,2.9942722385079232,2.7024846828378717,3.5847896774711323,3.5986445367551134,3.3368454835061225,3.545630564853022,3.1422516756929433,0.4276348816882125,3.6482077280391927,3.446194163076962,3.252931873407052,0.765269595838503,3.2601300546469822,3.0826416416965827,3.543943673912132,0.5765498558255029,3.036798304013022,0.7541709181570022,0.8397830967823028,0.4811537395723171,0.3327664000098576,-0.3975051233057627,5.084712365678567,0.16734838465130775,0.4494725854874977,4.889959719248748,0.4272810790693171,0.5121541080153476,-0.1629288677129921,0.5425023347226272,-1.0400724223546125,4.446673499080368,-0.3299714049902329,0.3683891867701874,4.339665144441198,-0.4998193262272723,0.30648055508478755,-0.1444901780091925,4.469221598916188,4.814387326748217,0.5100374058965471,0.6071029277175874,0.8770724458911472,-0.4977002930071821,-1.0400724223546125,-0.40687866089214264,-0.5816171303315025,-1.7159987318119323,0.3747726052438871,0.3939646441674274,0.3122357495089476,-1.1329432695898425,-0.4617693506973728,-0.4583741921141229,-1.2739062871369327,0.41142090085019767,0.6411572486891179,-0.5428670269597129,-0.33965909416262274,0.05057156230321791,-1.5421524897224526,0.6217961746472973,0.2843990082871972,0.4430520058137972,-0.3410097662927525,0.4945212607194476,1.9975232120307993,2.133030650809429,1.8664761170427404,-0.23545284142389988,0.04709056828477998,0.4616521871662105,-1.1028876288821143,-2.4374254710514442,-0.4655307842563343,-0.6226166124871342,-0.07651958514478441,-0.4395018465293341,-0.7207096222574845,-0.48507596482708415,-0.5724358697381442,-0.39296861123130444,-0.6226166124871342,-0.07651958514478441,-0.6226166124871342,-0.9998082468552041,-1.2848579526232742,-0.07651958514478441,-0.7618937869719442,0.0846245898606961,-1.1975106313859545,-0.07651958514478441,0.6966678759366154,0.14607888303941596,-1.1028876288821143,-0.12995505350828385,0.5850272492200057,-0.5817127694065141,-0.4444236683020142,-0.5963049099372042,0.4295468577393855,-0.9395016830651044,0.027328423265995383
ESR1,-0.5029428348588199,-0.1107076148132502,1.2781720501821199,3.35347247412038,-0.95849409172311,-0.34454937783208006,-0.07198218871860007,0.12142672383119013,-1.69514409895985,0.88916085107057,3.1040705299535802,0.020514043827970063,-2.9164850621656,0.20351541475191004,-0.8304294927993499,0.88916085107057,3.51771309210767,-2.9164850621656,-0.3096782005963501,0.12142672383119013,0.4290207371384498,0.6838620608523498,1.03080969792902,-0.15724157598129995,1.2781720501821199,-1.1904540731329,-0.5029428348588199,-1.01601323801234,-1.144379390326,-1.52530675362901,-0.5029428348588199,-0.4268575955712999,-2.292640611179729,-0.25506983428359,0.6339820130694198,0.20351541475191004,-2.350042392271591,-0.15724157598129995,-0.011189478451619994,3.8688637583827905,3.3825432204482304,3.8688637583827905,0.5562913368627,2.9264096399801804,1.26274958647343,-1.85725089044408,3.27538730747305,2.84347266478781,0.35826318112253985,2.9952634597445,0.10074007999840995,-0.9576408153453901,0.77347379269159,3.3504116958681003,0.7909007684887197,-0.06105459393843016,2.68873871787913,0.3005194180625599,-0.8441046239401602,-0.4077563901899801,2.6717420998910297,2.42558298915859,2.6221177075046302,1.89379376638036,1.18066089555271,-0.11768101072877002,2.73261116869939,3.17561088469522,4.05001404622343,2.5872492650454397,1.57365127940213,0.41982359717216,0.3668140679996601,3.0035201566754397,3.4524257547823405,4.77061873877805,2.8958642673794905,1.8562100048682197,-0.21981402073580014,2.98562611399596,3.39429784848988,4.68696525265565,2.91585835600461,3.0143471400127897,-0.8851205583741011,3.04250753362588,0.0,-0.09543397010203991,-0.18591154575589997,-0.6696844001148596,-1.3772432400531598,-2.70224083167129,0.07006956475783221,-0.4166350476423877,-0.04671304317188785,-2.2503862740834477,0.09251872828662222,-1.2372400075795278,-0.4541899775777978,-1.4408381881655328,-1.0290453108776978,-0.9619669736937677,-0.5243552850507478,-2.2503862740834477,-0.9619669736937677,-0.9619669736937677,-0.8008917738293477,-0.3273761335744878,-2.2503862740834477,-0.9619669736937677,-2.2503862740834477,-1.4408381881655328,-0.29239530364095767,-0.6479219045300877,-0.6666505490421177,-1.0290453108776978,-0.37725550865378765,0.42988420519051207,-1.3830081067447946,-2.2503862740834477,-0.7027042684229876,0.3215494102500722,-1.0075238365018777
EXO1,0.8038562083860801,1.20865986225389,0.17775561980927002,-0.6014731776776601,0.5121249644530002,0.08525938726269988,-0.9630471896786501,0.7130128933505602,0.6083279894287399,1.7414975498978502,-0.09782825830229003,-0.88611272075464,-2.7592434861843,0.0,0.9302204419016902,0.5121249644530002,0.14605209752967996,0.10766334074395978,-0.4163384838142301,0.5121249644530002,0.5862623131197497,1.2260930436057498,-1.47082418579462,0.6491086367441601,1.0052288288829798,-0.2696160195899999,0.14605209752967996,-0.5437294146176801,-0.21548976095101002,0.3406685398188598,0.4166576896535199,0.0,-0.07897300691034026,0.29803063855157985,0.0,0.19162549596225986,0.0,-0.80125251574181,0.14605209752967996,-0.16032553454194165,-0.7846950932319516,0.07313113009856842,-1.5365313811580117,-1.7487428202846318,-1.6505553148782717,0.38867628505782825,-0.40107142830488174,-1.6505553148782717,0.003405668265628048,-0.07823684362122174,-3.1982373205387318,-1.0404670120320918,0.3110455899818283,-0.5368220926567218,-0.3864993997160817,-0.6263016362052118,0.36486237403164834,0.6940553066735582,-0.005023360691801759,-0.5675126374030617,-1.2037678333525117,-0.43899383435443173,-0.02994825192834183,-0.4890360558331017,0.27401905899612844,0.10766793349335835,0.36486237403164834,-0.24736833839217187,-0.6819080346233419,-0.37878741795409177,-0.9462723508329618,-0.07823684362122174,-0.33133049361047195,0.20107402250046835,-0.7086098539444317,-0.8256825136055017,-0.06236507945574177,-0.21191857566950167,0.04123777060159828,0.12395644753810808,0.1334376938886681,-0.6263016362052118,0.12829257390047832,-0.21191857566950167,0.6561865923206582,-0.43899383435443173,0.23366719459214513,0.41219228550836506,0.23366719459214513,0.06348119910843497,-0.31740599554217486,0.22845538473542515,0.3811988805014299,0.85255189743632,0.2034432606921599,0.71556822514516,1.0531729903352898,-0.2128952231220702,-0.1991711711626003,-0.30383525578637016,0.10561500238986987,0.6035569892022701,1.2197671200131697,-0.39802991698550017,1.2498456877440298,0.48211156050465,0.5800720155908499,1.0492837209883596,0.9534826850284199,-0.14225799818536,0.01613545884137979,-0.09218454669575005,-0.3521269945805803,1.37553396598733,0.3811988805014299,-0.05481546540993998,0.8117712501208998,0.34949535822183986,0.01613545884137979,-0.008067729420690117,0.5642002514253699,1.5724015618119802,0.3273949622318999
FGFR4,-3.001732978028757,2.1796989800082125,0.6970078497256029,2.152982589071783,0.26963547260854304,0.26963547260854304,0.07193308807779264,-1.7133136776390772,1.477635619919953,0.26963547260854304,1.561288903281283,0.837857208055123,-1.454050972368297,2.5578594974263726,1.7513821797948133,0.26963547260854304,0.8039129352074128,1.4217598846221025,1.345071463647293,-0.588190750721977,-1.9885867115248372,-0.7661437186509672,2.4667879439927924,1.1929241343189627,0.5851806275678029,-0.015414233159527058,0.6468271069766129,-0.11853779030471712,1.783332648523663,0.26963547260854304,0.5986141449891926,-3.001732978028757,1.1050576867953632,-0.500748217946557,0.20669762352636267,0.40661914489970297,1.6166532838830925,-0.588190750721977,-1.340027038648037,0.4755594877261302,0.10948662080281002,-0.03656547672686994,-1.13410302353045,0.6384455182177899,-0.5187344752949299,-2.79580896291117,-0.90638202690554,-0.5187344752949299,0.8872730667286199,-0.8378179924686799,-0.03656547672686994,-2.79580896291117,1.09648366430112,-0.47535312406989005,-1.09182809688394,0.2778571031953798,-0.8378179924686799,-0.63803865440453,-0.7761342142165701,-2.79580896291117,-0.2658599094135501,-0.03656547672686994,0.14119014308240008,-0.63803865440453,-0.38226673560438984,2.0887959189041596,0.6764474166236902,-0.25759957532598987,-0.27947967699578014,-0.38226673560438984,0.1628409307654599,0.8527511220942001,1.9712706770654598,0.6828994782199502,1.15148579718345,0.005223639532410118,-1.34631446265707,-0.94914111044589,1.8759974557599102,0.05859453956932992,0.12919461570661017,0.5358660515162299,0.4182048100712299,-0.03656547672686994,1.8225772990006797,-0.22387327857765005,-0.19677620379721983,0.0,0.14369871333198025,2.5399779190043903,3.15540488748967,3.6683066277912504,-0.25147984549224,-0.4995609011735098,-0.9102297449527998,0.1873078018507801,-0.22903068196345,-2.57193568433352,0.3530678942842602,-0.31997071462774995,-1.35059472112777,-0.1583934570267398,0.61053031839303,0.05878899880215016,0.1873078018507801,-0.6139447138910299,-0.1583934570267398,-0.4507340989133297,-2.57193568433352,-0.1583934570267398,0.0,-0.5680998327576798,-0.1583934570267398,0.6212782755134101,-0.6988049189038599,0.08947954354849008,-0.98819995929219,0.10833479494043985,0.0,0.13726558037211012,-0.6139447138910299,0.0,-0.5053602713740197
FOXA1,0.33494855437366855,0.0240011220834484,-0.7045661034364414,0.46012041756151856,-0.5907001645538923,-0.5321019148982415,0.9853242481698485,0.35682053947425807,0.2849282744793582,-1.2082173502802123,0.5532161245000484,-0.4971898266816819,0.6641266662238481,0.31273986782576824,0.0957910231977781,-0.06938763953883154,0.0957910231977781,-0.12066886454679171,0.2699845255572981,0.2977418413367685,0.03484653035956775,0.28693269523536813,0.6205947444820481,0.2927076496728782,0.5383017782749384,-0.19740753579310155,-0.4961841299303522,0.00976331237065775,0.14514676591185793,0.08272591448022837,-0.14202152025652204,-0.3031901106683721,0.9492732693324779,-0.2534019860866721,-0.14494579043162226,-0.03417159329730168,-0.5005472214862214,0.18814892047079823,0.27877235475629814,0.5000190038228771,-0.11204951847258293,-0.13123631286888227,0.48749479051972777,0.3503600173827577,-0.5290375692897022,0.6122988670031475,0.5062405734479078,-0.5633728094010326,0.31468460836417744,0.7822675535582171,0.015555494724757146,0.49502235782337767,0.5025108522313175,1.0121887911022176,0.5358948914471577,0.44740987679606725,0.8227120767987977,-0.4888856660728722,0.3526366082287371,0.2231848191479875,0.5461437798558872,-0.35655085126624275,-0.45278874777625244,0.344816151177497,-3.8449035264302425,0.4648807367286478,-0.37244392679663285,0.19058931328666784,-0.1068607407277824,0.8697948189613278,0.5038092404926173,-4.605740824810793,0.41479513642254773,-0.03713247127845243,0.5988119458792376,0.09171712683732736,0.8927722425248872,0.28528192381576734,0.3259982156931578,-0.07814349431604217,0.3240360955146171,0.06937060890548707,0.956745585334267,1.0059877335593272,0.3373910343464077,1.0826921311210373,-0.007738701102439904,0.09450973499328086,0.004422114915680453,-0.6806405291836795,-1.0573706251411599,-0.5396046328858297,-1.3317979512985876,-1.6572467110677875,-1.9165094163385676,4.238945928241803,-3.2049287167282476,-0.011714756881317623,-3.2049287167282476,0.5002306030297423,3.9731525198825124,-0.4456852305439476,-0.21860997185901754,-1.0471584082216077,-0.7913864894214675,-1.9165094163385676,-2.3053186416295577,-1.0837271313080574,4.547681414660113,-1.2469377462857576,3.1194691347539325,-1.5009478507010177,-0.6082058415621776,0.14057708257580215,-0.2679296107346776,-0.39915126937589784,-1.6211929916869177,0.4845352113577426,-1.4087324202225977,-2.4458160496263925,-2.2327983846582686,-0.6329930323947277,-0.8544232368730076
FOXC1,-2.155242429098785,-0.9339014658930349,0.5061727987832252,-1.0481690804854749,-0.1972514586562948,0.08034683027900513,-0.9939888893153048,0.2582997982079953,0.1652134097424951,0.2582997982079953,0.5061727987832252,0.1652134097424951,-2.155242429098785,-0.6075604234383247,-0.06918685973253469,0.7500531546151952,-0.06918685973253469,-2.155242429098785,-0.135567680404185,-2.155242429098785,-2.155242429098785,-0.9939888893153048,0.2582997982079953,-2.155242429098785,1.2291516029527352,-1.0481690804854749,0.04843080181277504,-0.6584042265057048,-0.5640732702253348,-0.7640641205621947,-0.12268599754235465,0.6040010570855152,-0.49353648971806474,0.34574233098341534,-0.7499639981198949,-0.1972514586562948,-0.6075604234383247,-0.8668231287091048,0.2582997982079953,0.0,0.14605209752967996,-0.80125251574181,0.5121249644530002,-0.80125251574181,0.0,-0.2429142002689102,-1.09753754680358,0.36075699073321,-1.26240528359122,-0.48216899856805995,0.8893165988210701,-0.3457012588775199,-1.3097489859302,-0.88611272075464,-0.7554076346084599,-0.9630471896786501,0.14605209752967996,1.13304914102799,0.2636844584181701,-0.6014731776776601,-0.99891334081097,-1.0332124971516001,-0.4387876473430201,-0.84475648046952,0.5121249644530002,-0.83050284455726,-0.80125251574181,0.0,-1.01051485679854,-2.7592434861843,-0.29562780738790995,1.5795163846871003,-1.72420684013504,-1.27855579936339,0.11800063382243975,0.04178911625928006,-0.3457012588775199,-0.3457012588775199,-1.12180661647602,0.09516001629619986,-0.1873078018507801,-1.35396505520541,-1.949695400266385,-1.0332124971516001,-0.48216899856805995,0.0,-0.8564391260479676,-0.20063548646424767,-0.1680692664083674,0.01527902421894245,0.03165473454692247,0.7891668239151426,0.3821665804290708,1.0180166312595307,-0.8931265861837792,-2.5548325255644992,1.1697844156561308,0.9284130012494307,0.017103158769020688,-0.09121684676810915,-0.23437668672321932,1.8509175265532307,2.0350295335789705,2.452372898166241,2.198282632259071,0.604524689129911,0.07589215757117085,0.39023628273894095,-0.39706221705785927,1.7492284671777711,-2.5548325255644992,-0.09121684676810915,2.4780292495748006,1.276842325398671,1.966968948534911,0.25094492178785055,1.8357320410223408,1.8752580350428807,1.573369261739621,0.29957097691600065,2.2488381132241906,1.1855734485290306,0.9659482655060008
GPR160,0.930476896063853,0.771365693923233,-0.26909029442390686,0.4114062406165129,-0.5919848885040269,-0.2825573692238965,0.6543281182269736,0.6504947532260532,0.5892749570420834,-0.15632574162177715,0.3957089284758535,-0.582237290310557,0.4282211106015934,0.7289310794940036,0.07147410801785359,-0.7603754638336566,0.21464715823790304,0.10126798518354363,0.04466449760622293,-1.1241056275611765,-1.9002297224226967,-1.884440689549797,0.417734805506643,0.46942035294765283,0.4433391307802532,-1.069975182574007,0.5242142482028829,0.24305986575145333,-1.6712902947908166,-1.3473687247378772,0.470870214746113,0.6233721555341232,-2.2748313772545568,-0.4171840773311466,0.40413943772472294,0.46942035294765283,-2.283361164897667,0.5094756549015136,1.0574948695920137,0.7163910574791466,-0.5574727521946832,0.4025857025581372,1.626873465052217,0.8594678838464374,0.4025857025581372,1.6200373860887067,0.7683242287368568,0.3225039058707271,1.729724531612277,-0.7175827875693734,0.14762855952755682,0.9501991090850668,1.0653897601064566,-1.3845583889293631,0.24150628957480702,1.572267986939777,-0.6154518168662326,0.25507555918833713,0.36074371900598656,1.4516034471680372,1.2937141393864673,-0.09473408708340347,0.5066051750671567,-0.4522893819022933,-1.2798734850075428,2.4610173754605373,0.28073191059689684,0.10038448564617664,-0.27668141158196313,-0.19725838347308322,0.5196363261940267,-1.992886378358103,2.310935765792027,0.42656115985558696,0.35507196387371653,0.07869327443829732,0.09074713989763694,-0.778100911390613,2.4233605506472173,0.7717208644086373,-0.21251809679007305,-0.021235693383882648,-0.06071532618668307,-0.09473408708340347,2.310935765792027,0.022869208259566953,-0.21595845900369248,-0.6582544518078626,-0.004260087698932047,0.046860964688257845,0.341234257198888,0.6605387627993577,-2.4150376764039,-1.1681679649160497,-2.6264625024528394,1.27142403362157,-0.015432902064259402,-1.6813615802643098,-1.9315393875040199,-2.2843325902577196,1.1137566940517,-0.7250687472631796,-2.1303981333269197,-2.8386739415794597,-2.3301774713910697,-1.5289249556492597,-1.4687185392489197,-2.8684781648685798,1.4843724681505206,-1.5289249556492597,0.2514433259187703,-2.2843325902577196,-1.2502566558367696,0.26043916299880987,-2.17410682743696,-2.7044327167922297,-0.7455306266485495,0.14192211877382022,-2.49197214532791,-1.5789671771279297,-1.1681679649160497,0.03086580412852058,-2.0726543702669398
GRB7,2.140018701375417,0.047503541846986685,-0.44486576291506363,-0.8485067736358034,4.108418970023166,3.944031778461877,4.060572748917906,2.010779598710057,-0.023751770923493787,0.2270451725810263,-0.26143080289938325,3.8157856427054266,4.380430932667787,2.1458933635396464,-0.727575697398513,-0.2400583647659431,0.41391616625244687,3.8419857546832272,-0.7162476050775934,1.734914136872857,1.999372890012367,1.9196651227952568,3.355398848806276,3.067344739340826,2.8633540138103664,2.435954621010767,3.0564700140827563,0.08363891388814704,1.4660824587248067,2.5912721964078864,3.332400265565587,0.985315247978777,1.4155747258928164,2.102866110115497,3.334606470773126,0.45234953171436665,1.6954030026604165,0.8622599456402362,0.8622599456402362,-0.08043277993318787,0.746360933338412,0.06121606692526216,4.431758637246691,-0.37679578264879776,0.703783365974112,4.6485389913044415,-0.3229789985989777,0.30857841917836204,-0.011600032727397735,-0.03165478030996782,0.06121606692526216,3.950872525099732,-0.37679578264879776,-0.5185072175563179,3.750184826987642,0.43295555279272246,0.30857841917836204,0.5584214623201618,3.769320743091022,4.610070705515012,-0.005432406917468047,-0.37679578264879776,-0.04648850708547769,0.07196926533420234,-0.6147102425320576,-0.8010043811177376,-1.1268352069850578,-0.9352097110227979,0.036474732160141965,0.08795025998243222,-0.02333747725338764,-0.7660782162518478,-0.7373490976625279,-0.4073702520382376,-1.2553540100336877,-0.2605927555747778,0.16530303165343252,0.43890161067128197,-0.930839642969798,-0.2916269131479079,-0.9610751145515777,-0.554403678741958,-0.3578483526026779,0.11419804867470251,-0.6147102425320576,0.43295555279272246,1.9606335680298983,1.8985221898013487,1.6042361769734983,0.2338225789614885,0.17755586776877852,-0.12682561983484142,-1.3144263748802276,-1.3538059138688276,-0.14964535431309756,-0.42831365412558764,0.005656819537042335,-1.1678823916152878,-2.3201789729712345,0.8833395574863521,0.18001433530315225,0.28469923922497253,-0.00509113758333779,-0.20123839544065758,-0.14964535431309756,-0.14964535431309756,-1.0297868318032477,-0.4685338556124279,-0.20123839544065758,0.37554255426049243,-0.11389107420333788,1.2767547036237423,0.37554255426049243,-0.16462919570741752,0.4352424913578421,0.08381131032741251,-0.5261419124278777,0.23703837296367247,-0.26255356169210753,-0.08038100693899786,-1.2295661698673976,-0.6156214559763677,0.2747953854063123
KIF2C,0.33436934464373014,-1.35326338095224,0.2312899626168199,-0.44737163939926994,0.10091268000322007,-0.09249623254657013,-0.7014098466157801,-0.97900813555108,-0.6165432671522901,0.8686468072425999,0.0,0.0,1.0975479709794596,0.47135301693489007,-0.8509435366273199,-0.03170352227959006,-1.87906221245193,0.9855543193359297,-0.33019224442432016,0.10091268000322007,0.78761783522706,0.9310637376631701,-0.17775561980927002,-0.65992461837733,0.64991449960299,0.04931963887566004,-0.17775561980927002,0.26464388281078977,0.30397513627666006,-0.13983321375972002,0.5878659642215198,0.04931963887566004,0.6261005885768101,-0.4360143459113699,0.2714314955615498,-0.39878971840838995,0.91742480686582,-0.17775561980927002,-0.03170352227959006,0.2641741625309266,0.1315579602481165,-0.8157466530233735,0.4976308271714367,-1.0477066344331636,-1.2260556178054034,0.37499197204096646,-0.5146663184263436,-0.014494137281563457,0.2774501057404364,-1.8016072913958845,-0.8157466530233735,-0.9270697710005835,0.7355452870546966,-1.5523966602601136,-0.3101219446694734,-0.41710856913632366,-0.36019539615908336,-0.6159673149592235,0.24919032113660666,-0.6159673149592235,-0.40118281653263344,-0.2841101568715634,0.16326148252770656,-0.40785023257150366,0.2641741625309266,-0.3922214722801334,0.2641741625309266,0.4976308271714367,-0.07149679179457369,0.04571227911877651,-0.5217726537600935,0.34626285345164654,-0.5496726650221233,-0.7792681362796434,-0.1430129403301934,0.1458561021065563,-0.1430129403301934,0.2125811214033666,-0.38906549346398345,0.2125811214033666,-0.014494137281563457,-1.3684591924869736,-1.0697567574386335,-0.6159673149592235,-0.4966631358496234,-0.20180193913234357,-1.1153081021336746,0.35063936203085566,0.22306162042673527,0.7921892393927457,0.6127953391347454,0.4105996100825653,0.49306645914764324,-0.11526153028109665,-1.2127990770846766,-2.8745050164653967,0.3187089433815333,0.6087405103485333,0.1991610496411531,-0.2263533575325969,-1.6531640532596468,0.9311408967707733,1.0177876107468933,1.0177876107468933,0.9311408967707733,1.0727897436292233,0.2613672246175933,-0.1554817317679369,1.3201520958823232,0.28485219822901353,-1.0783087199597468,0.7449003888101533,0.16340676953139344,0.7344681993620332,0.8963786869019534,0.3968634341719035,-0.0687275691130469,-0.46096278915861655,-0.30256933213187676,0.5442639224471635,0.07636396568116322,0.33392558508972314,0.7024295477860831
MAPT,-1.4382060866224398,-1.5161763009618299,0.9858185932779597,0.9003647158409005,-0.6863697986963797,-0.2554091525561599,-3.09991202600316,-1.1419210555606698,-1.87857106279741,0.7057338872330101,1.2906525405836802,-1.2267812605734998,-1.5522300203426997,-1.5522300203426997,0.0,-0.19461644228917985,1.5941267502427405,-3.09991202600316,-0.49310516443390995,-0.06200024000636972,-0.49310516443390995,1.09474508634456,-1.1419210555606698,-0.3406685398188598,-1.73604091689228,0.73519813672883,-1.1419210555606698,-1.6030738234100799,-0.36955124238340975,0.7604947908806103,-0.6863697986963797,-0.9421417174965199,-0.41964154672920007,0.5988288017512002,-1.69463359502427,-0.8228375383869198,0.3084400969253003,0.7057338872330101,0.0,0.0,0.14605209752967996,0.0,-1.09753754680358,1.5657368176563398,1.5795163846871003,-0.2429142002689102,1.55792757967088,1.09518042667509,1.11523517425766,3.29382428806062,0.8893165988210701,-0.3457012588775199,0.75003942433626,2.9301135093747797,-1.05526262015707,0.8893165988210701,3.0056627237330296,0.22707525868493006,-0.15243662461505014,-1.3097489859302,1.1214028000675897,1.3414946783142399,0.17775561980927002,1.4889636818930696,0.0,-0.3777273349985699,1.9145530742627996,-0.22103409859911993,0.5121249644530002,3.41020172669796,1.8895207685060895,0.36075699073321,-0.7070025174338199,2.13086642252123,-0.4260235957827301,0.6400678568549001,3.0582761384645596,1.5020462849410499,-0.6290368615534501,1.0641530873536498,-0.6557868356424899,1.2260930436057498,3.0849833667242,3.04343850028206,0.6491086367441601,3.3233718810669104,0.0,-0.15549909923984995,-0.38007828301575985,-1.19253663073376,-1.7606364634914398,-1.4873978274510398,-0.5710418998398776,-0.6104214388284777,-0.7824667258888176,-2.4441726652695377,-1.4310263987656178,-1.4310263987656178,-1.5767944979308846,0.36756525555311237,0.7241164033408523,-1.6606729160796907,-0.2864023567628977,-0.9946781650154377,-2.4441726652695377,-1.6606729160796907,-0.5975048128042577,-0.5211625247605778,0.5421460795996924,-0.7824667258888176,1.5411638645205121,-2.4441726652695377,-0.7824667258888176,-0.42449791657493785,1.4610001521500622,-0.12371682642825776,-0.8604369402282077,-0.03063043796275755,1.1062944099654821,-1.6850599981676826,-0.48618169482704765,-0.08754361093999785,1.5588394249344026
MDM2,-0.7602857060228412,0.44897169833810846,0.9119026859514983,-0.4145844471453213,-0.7602857060228412,-1.3776316368239714,-0.3293250598826214,0.2984284462052389,0.5249128944247388,0.09754051730767888,-0.005538864719231373,-0.5124127054476113,-0.4145844471453213,-0.053827456412111285,0.5156359947563689,0.09754051730767888,-0.49355745405566154,-1.1215869645791412,0.019386026517308697,-1.8854086329399413,-0.3440093600542111,-0.9382386739518314,0.09754051730767888,0.6805959795297687,1.1397794566986383,-0.8406080429280514,-0.9701547024180615,-0.48079702961153137,4.335266739541799,0.17618735305914868,-0.45918121829571135,-0.18750918846039122,4.493816205820339,-0.3680504859772715,-1.0703712827878111,-0.053827456412111285,4.0370429529724685,-1.2158369628871313,-1.0877723639633712,-0.8024995484979218,-0.8024995484979218,0.731252984289918,-0.8024995484979218,-0.882821885403132,-0.09604129888719193,-0.34913494887644214,-0.956970470765182,-0.09604129888719193,0.12183709088974792,0.638382137054688,1.189708276313028,-0.39659187322006195,0.676250851407588,0.7518615726334881,-0.0020280028223020885,-1.419845479299052,-0.4567982896204019,-1.058271467298062,-0.022827815957771946,-0.22972303093547186,-0.41500917336112186,-1.490010786772002,0.15152969980833797,0.002645221072568038,0.05532667483259823,-0.29952755574895207,0.1592643955936679,0.539119051960478,0.2731627368313281,0.1791826589755181,1.475372762551018,-0.09604129888719193,-0.9919768173609618,0.4094441617898781,0.676250851407588,-0.29644805023228216,0.4974191195075979,-0.5853170926690319,-0.7192017589073019,0.2932411347158581,0.22917291692207797,-0.8594127214751621,0.6466994401112682,0.21821270532425796,0.05532667483259823,0.6107112533857881,-0.045871533374184814,-0.5698733579323747,-0.21053752863115482,0.16088770580410516,0.04587153337418526,0.7357817247029255,-0.72359210973641,-0.14041670991518984,-0.93501693578535,-2.59672287516607,-0.5770481264714702,-0.5770481264714702,0.3282807034517101,0.7298070192731401,-0.2762670363247901,0.0,0.16252061101823,1.4546588496567203,0.4411889108307201,-0.63873190472358,0.38959586970316007,-0.6737127346571101,-2.59672287516607,0.6746455754712302,-0.8005265786604201,0.6172908978163298,0.0,0.010083986403179868,-0.72359210973641,-0.2762670363247901,0.5715661934443199,-0.1831806478592899,0.16252061101823,0.7254708929107698,0.16252061101823,0.47694319094047977,0.19452114288659983
MKI67,0.0,-0.2140943259014203,-0.6099532227552902,-1.1135981421306602,-0.23345666464051007,0.5966943930194399,0.8224213349340599,-1.3133774801948102,0.4273723771170599,0.0,-1.3982376852076401,-0.9509126117960203,0.13698367229115993,-0.9942939630210601,-0.17145642463414035,-3.2713684506373,-2.21343155709566,-0.12263885513047024,0.21187707617662976,1.4024281098097995,1.0013670891320001,0.8224213349340599,0.5342774625988698,0.5830554622220898,2.45474619818957,-0.18364514500549012,-0.85782622333052,0.51058354852516,-1.19388797487264,0.35629643346153994,-0.5567217356033902,0.5041988948680096,-0.7183067020727201,0.0,-0.5121249644530002,0.9971384961045602,0.4314763730134099,0.6759263094573198,0.6417964792399897,-0.013032755998033885,-0.8708589793285539,-0.525157720451034,1.0714000807178663,-1.126630898128694,-1.007326719019094,0.6381522186941657,0.27869848793504604,-1.736719200974874,0.053477660059115806,-0.525157720451034,-1.326410236192844,-0.298082461766104,-1.126630898128694,-0.11611213802494413,0.04212868780387602,-0.9277721523057942,0.5938068796258658,-3.284401206635334,0.06110459266871571,0.6078914205769559,-0.6125526215176542,-0.794773740041034,-0.9639453677940542,-0.575199941929704,-0.24648942063854395,0.021504047396756043,-0.525157720451034,1.705442945300176,-1.9205300975244541,0.3305797320617958,-1.032436236929564,0.9102559057123858,-0.7680719207199442,-0.483368604191754,0.8640605582461958,-0.911846399702104,-0.14852896555234407,-0.298082461766104,-0.18005549684561428,0.03779256144150578,0.8438005806687863,-0.7124655223018141,-0.472663285812684,0.364158878370036,-0.6314458472625839,-0.21073514052878428,0.12349949644272762,-0.40050232811546227,-0.04116649881424239,0.8569397925324176,0.47060644249686767,1.399829105547338,0.8669783259954267,1.2232519448805164,0.047627385046076665,-1.3696878159098032,0.2812944294751367,1.2209288184800764,1.2621832727911766,-0.8640631075559031,-1.4545480209226331,0.14457759318256702,1.7303910380260268,0.7237029384704972,-0.28976700035550307,0.8669783259954267,0.9336109847730567,0.7761864198206867,-1.1699084778456532,1.4254363714712772,-0.2540127202457434,0.37748053340569676,0.3208812986530769,0.503996064610877,0.5774940310673067,0.44320491701505693,0.2951208453154366,0.23542090821808692,-0.40267520773451304,0.3471930012030069,0.08067333657616693,1.2119329814000368,0.5909290323819967
MLPH,-0.10219547434646437,-0.6183012315064236,-0.6496640967420042,0.5397064367324562,-0.4160008292674737,-0.8176012385444436,0.6378493629569464,0.19418981354931564,-0.6496640967420042,-1.0699753602858637,0.2937232319723657,0.002390521922605693,0.6405270782456762,0.6025790967207056,-0.4160008292674737,-1.765070483131844,0.4718650727819558,-0.4811877614992843,-0.7906160530896038,-0.35872803367927375,0.2363454645032661,-0.06245884603089369,0.9049971413529363,0.39624589732813575,0.9815863390072659,0.21697376460867623,0.3396976705125363,1.2733892241256761,-1.3446841556129439,0.2550828239935159,-0.39117643115253387,1.565187330906916,-1.2149151090148136,-0.01792891441954403,0.5970755456069261,1.5925489742252559,-1.3022094496261536,1.4767004733295561,0.7702812005962256,-0.6539882075801664,-0.469742374508507,-1.1128614124453362,-0.469742374508507,0.7814973247716432,0.45346593275709335,-1.552369180240647,0.8010859594883932,0.307318922819813,-1.0415382555326662,0.24845710585932324,-1.4602265181511767,-0.004838232689306388,-1.6713194579211867,0.4720556149067532,-1.1331364948794063,-0.678255829548017,0.6329344604500138,-0.5774439655316366,-0.7112610031683664,-1.208580792809907,0.7443711411037137,0.6050523707499638,0.5861603715395436,-0.10260216067913674,-3.1067330840846066,0.3248785170108732,0.5621920756515735,-0.49466586855802674,0.9508297815791238,0.7091273481861036,0.03386762882514294,-2.7459760933513966,0.3520605645537236,0.4842869081799934,-0.3787756074063866,1.1819827470422037,0.42007270504452343,-0.642801516935827,0.37689005916340346,0.49186702425504336,-0.8886624985914464,1.0571047708850836,0.386996000496203,0.5279530760852538,0.2781881880693735,0.5448247428712634,0.22313900978768508,0.5302290523155246,-0.22313900978768508,-1.2636375465980247,-0.6779866236679055,-1.0385462487499648,-1.09911487563553,-1.12995878255383,-2.32045583884128,3.62415243159749,-0.7179914692879199,0.7024721057611902,-1.4530776715026268,-1.510907752923365,3.57658774941544,-1.536956089651433,-0.16268553033463995,0.31026884429439017,-1.0320365384516,-0.3624648683987899,-0.47378798637599995,-0.6272666009671299,3.3576887226363104,-0.3624648683987899,2.4973396979700704,-0.31661998726543983,0.7174559471555102,-0.3007810901466801,0.0,0.0,-1.09911487563553,0.7794561871618799,1.5877668156530902,-0.6987682026164299,-0.3624648683987899,0.25147984549224,0.47078817921138993
MYBL2,-0.2232914995307489,-0.45004526344027873,0.3703543308166113,-0.9086657013579087,1.0968265903255316,-1.5734457384314688,-1.8460129275449488,-0.4706538517838488,-0.8753107966934586,-0.6123026986422988,-0.2232914995307489,1.1949582631324116,-1.0095964889500086,0.17191344726500102,-0.3111579470543484,-0.4047249084288884,-2.0044063845716886,1.1255072998294615,-0.39339681610796884,0.2558479485686309,-0.0006930313465485227,-0.04052861863871904,0.9021849705806213,1.0815726785861113,0.005544250772390846,-0.012198559760738803,0.41035057859796087,0.5810590890441416,-0.32173117055250877,0.5247386979710011,0.685798740588921,0.10106250372496106,-0.3111579470543484,-0.7192077841241087,0.12166315587386123,0.7752003206839913,0.5935646807050015,-0.012198559760738803,-0.5047836820011788,-1.3579304964409902,-1.5588184253385502,-2.0709433897915503,-1.2670871814054703,-1.5588184253385502,-2.5531123883596103,0.6124650899864399,-0.5527089370704008,-2.5531123883596103,0.6821905104110595,1.47177663011351,0.7294055994792794,0.2526580934755094,1.0309514616037498,1.7276878347060194,0.6746584354194098,-0.6355297636281305,2.24835959433163,-0.6355297636281305,0.9503940373780697,-0.27531539490653056,-1.3514784348447302,-2.6724165674692104,-1.2875490607908402,-2.2824543799044004,-0.52612588323358,-0.5991304604754708,-1.2670871814054703,-1.1816267909704803,-2.5273205787284305,1.37354643573459,-2.3665711971794603,-0.7956397990028208,-0.37184989573890004,-1.4308755329366503,-2.0709433897915503,-1.3514784348447302,1.2681360874975693,-2.6724165674692104,-1.1028619842954006,-1.8438681311066203,-1.0897809018823206,-0.6355297636281305,1.5585685052399292,1.7492760894024997,0.13765769745326928,1.30413544256899,0.5395976231361681,-0.2496791482973415,0.049935829659468745,0.2075767066095482,0.28106125501259793,0.546416366382168,-0.10336192056703908,1.3441886787150015,0.4290036319763608,0.6335662166392311,-0.5676207075368986,-0.20463844615234894,1.0004642463908908,0.01496741470839158,-0.008730991913228792,0.314705343721271,0.8459959660256908,0.8238794948330108,0.7554200086004714,0.314705343721271,0.7554200086004714,1.4987876004632712,0.045204596989450785,0.5004628655698911,-0.9540808657732889,-0.8710652179333889,0.5685490149290509,1.7557906917510415,1.2136113165108116,0.24279374364272144,0.5838151528853208,-0.38607185505048847,1.0004642463908908,-0.3783590838005484,0.7938533740623912,1.0283631813923613,0.9453062452409613
MYC,-0.751917892379347,-3.4867368602577367,-1.5060627859969564,-2.047413923641207,-3.7346098608329665,-2.7029373954129667,-3.5762164038062267,-0.4220374393128763,-4.926811124933996,-2.8767836375024465,-1.852218450206717,-3.8276962492984667,-6.148152088139747,-0.5885596126846169,-4.486446148759026,-1.3950369303161763,-3.467881608865787,-6.148152088139747,-3.5413452265704968,-0.8280185056806566,-1.7308965076078264,-1.1520834709803864,-2.2008573280451267,-3.0281516112222366,-2.7637580560882267,-0.8176368172931063,-1.2139489718044763,0.9083452670300334,0.05872977143315339,-0.6448021728553766,-1.5706894694948064,0.7710038992134134,-0.11745954286630678,-2.6903936041937766,-2.597685012904727,0.7385406762479931,0.9907081887137936,0.9149135421946832,0.6923737501840437,-1.1671090868301497,-0.8753778428970698,-0.24382042511973,-0.8753778428970698,-0.6629101919621401,0.9983622304692803,-4.43847753746745,-1.0884622510786799,1.5721797886542799,2.27394496544197,0.7162380296330904,1.80974128171,-2.28070722896081,1.7652557742429904,0.4177264092450601,-2.73449667144022,2.2042433399074,-0.0826762501142495,0.4043994669725901,-2.83601316791409,-2.98898303721335,-1.6374449350238698,1.4082672639105,1.4904494371353598,-0.4804295789638897,1.3264286724498797,-3.48559057596983,-0.56026945120625,-1.3184770605499398,-0.4429377382138999,0.5293670359616698,-1.34650298708815,1.2342372064698202,-2.2144125790237097,-0.6797776879647599,-1.56123341746071,-0.025971741714859498,0.3602165333315801,-0.3136802477940801,-3.01146096430307,-0.19027036939008024,-1.10680252304005,0.46128088660251,0.07420497632817025,0.6195922869108701,-1.6792340512831498,0.9891812024249802,-0.8945366167048564,0.6109302582947516,0.01675388531044164,0.9826719709585916,-0.40697715245718835,-0.18429273841485827,-0.04070835180479371,0.7744629294266261,2.576262925252646,-1.1599044677543335,2.2670719300147866,0.17878225590880614,0.25412537637830646,2.437981627370016,-1.4942738123980637,1.9225048247456966,-0.9219900078710737,-0.10629261455099392,-1.1599044677543335,0.5694464870362861,0.3218422394319367,2.846022156421066,-2.9817784181375337,2.339492875562816,-1.8593372340581138,1.944465023215236,0.2827279838297061,-0.7066559771710037,2.517214295191496,1.7698515859839263,0.3570300243034463,0.7234426487089065,2.314776943151476,1.4212465411047859,0.7618760141708263,0.0022615751002659223,2.6202785311994665
PHGDH,0.7398914543739901,-0.8449346348391904,-0.47058588826457015,-1.2539802172652803,1.3069098790095097,-0.41287658043163056,-0.27281772935605053,-0.5409673239147201,-1.0762245974560103,-0.7418552528122802,-1.0762245974560103,1.4334384188305993,-0.15879979059019034,0.021323373523449263,-0.20757779021341038,0.0,-4.01322370344958,1.2636438268446692,-1.9935489547549805,-1.2539802172652803,-0.9902957588471102,-2.8519701636661003,-1.5996814761428002,-4.01322370344958,-1.4968944175341905,3.08063925172097,0.8512474963600898,0.5019602600266593,1.1737379888062094,3.43958825798435,0.4875173326325699,0.9412582750538396,1.5736886463979598,2.0794802922909392,0.7617753693523897,0.8392906467389993,2.61754566684239,0.18143340889813953,1.0510799080296396,-0.14977443758274722,-0.08384549422778687,-0.825700747040067,-1.1917736139633872,-1.607441731083067,0.8927749542581429,0.09758791467035266,-1.544007449112787,0.7066014411113226,0.023955855493652756,-1.3378257114930672,-0.14977443758274722,-0.12304024452557716,-0.20477657046507725,-1.1600700916837972,0.5516950570130223,-0.2703161684868771,-0.7217630262789974,-1.1107504528081371,0.4515384071550024,-0.825700747040067,-1.7245143907441371,0.8574127808260528,0.6199784322472324,-1.1107504528081371,-0.4485091126719971,0.4258619671622128,-0.5339695031069871,-1.558859810092187,-2.044828228926887,-1.4663445145416971,-1.0050946472980673,-1.8199947100611271,0.055653803923922496,-0.33836934817467723,-1.9392988891707272,-1.0679221571315773,-1.4663445145416971,-1.4663445145416971,0.2248686259308128,-0.3460245408529272,-1.5251335133438473,-1.3378257114930672,-1.6334535188809771,-1.1107504528081371,-0.6887170747489071,-1.172065619059587,-0.4216002063942934,-0.5950244899396133,0.2108001031971467,1.4817796660141367,0.997585378783497,1.205306943723187,1.5101401644720314,-0.897484760919379,1.7620362608149813,0.18977556776289095,0.453017640465081,1.301475921955781,-0.2306379545647892,2.0369980864102706,-0.3763842982709589,0.18977556776289095,0.44142129310416056,0.3388969967144808,0.08808650838743137,0.9960138783339012,-0.24194553120304896,1.929771494590681,0.44142129310416056,-0.41032857111866905,0.7230828502858806,1.381488989797301,0.18977556776289095,0.9794036632502507,0.2633941135938711,1.067634402636811,1.2740789837854907,0.06150345455061057,0.10305976160724128,0.993766093388941,0.8168872907844609,0.4694238104151012,-0.5328924547150491
PTTG1,0.06065232875135118,1.552282918864171,0.30852532932658105,-0.19511959004878898,0.9184785520818712,-1.191636358771949,0.7207761675511208,-0.3948989281129389,-0.4797591331257689,-2.352889898555429,0.5841092074381411,1.7328407207256906,1.0554622243730312,-0.07581541093918887,0.9184785520818712,-0.6911839591747089,-1.294953005013789,0.5140169283728309,0.9926159007486208,1.594404861539191,1.671661897215071,0.49161297489157096,-0.3948989281129389,-0.8052078928949689,-0.30064892980494884,1.081364582573531,0.24383297661064107,2.4715484161808114,0.2871823682005812,1.142619183122361,0.361756816478481,0.6334288463138011,0.3273805807185308,0.5841092074381411,0.5721136800623512,2.293467517601051,1.452756014680741,1.594404861539191,0.9184785520818712,0.48162184311694345,0.39616145268195346,-0.4076947557041266,-1.5052323025077066,-0.28969412188168686,-0.8898637542721866,-0.018208646381596694,-0.26164265817444665,-1.6192562362279665,0.03470474691593317,-1.6192562362279665,0.48162184311694345,-2.2673281667897367,0.3423446686321334,-1.2938074764587666,-0.3552003210657766,0.04149235966669318,-0.007581027194016432,-1.0091679333817867,-0.5601313803191768,-1.7174437416343267,-0.24734451631600685,0.015527760838123239,-0.5055230140064166,-1.5452506056635766,0.6387076713477433,-0.004436503096606703,-0.007581027194016432,0.48162184311694345,-1.4182096125026666,-1.0091679333817867,0.15959165255078345,-0.04693776497091662,-0.19984766982755664,0.1483506889439532,0.4136633236129832,-0.7943834349551966,-2.2673281667897367,-1.7174437416343267,-0.46895811677524657,-0.05976210851753683,0.9612635454156937,-0.2419346632706465,-0.20828834821179676,-0.8337183514868567,-0.12902645589163653,-2.2995600745497735,-0.019321420362147457,-0.6911052869227876,1.2213475468434822,0.4112044034339224,0.05796426108644237,0.5388388675311724,1.6902629185644336,0.8872731590454639,-0.9439647799878761,-0.6476797489261061,1.226004131594574,0.22414785390681402,1.5225310679355242,-0.3537057496628262,0.5626183492417938,0.866585660166264,1.5889863929791237,1.4457110054541942,2.1474444384549742,1.5310073283075742,0.21377918321604383,-0.6826605788596363,0.025053963767073917,1.2725373668926037,1.3796658104214536,0.20606720145405388,-0.008947844202526145,2.326528844177274,1.422348823636994,1.0171289122991336,-0.10468595928639601,2.088368056877304,0.319332859249184,0.7165230487082437,1.2487531934907938,2.707001364285834,1.127693092022974
RRM2,0.9461951910497333,0.2941758938870236,0.5911282647858935,-0.48921843511368657,0.4000981637073835,-0.6765262369644667,0.022906529339313586,0.5571839919381834,-0.08017285268759666,-0.8349196939912065,0.5911282647858935,0.11910955431505332,0.4000981637073835,-0.48921843511368657,0.3146377732723935,-0.8349196939912065,-1.5867559819172665,1.175030941352873,0.3605112945294433,-0.48921843511368657,-0.6416550597287367,1.212332016001493,-0.21055013530119648,0.4000981637073835,-0.09973232579115665,0.5271054242073232,0.6297461649632132,0.2138906044182134,-1.3156040627523666,1.8158416901812333,0.6794290543154533,0.9461951910497333,0.022906529339313586,0.20929656264798346,-1.4522656247923367,0.022906529339313586,0.8683601572983233,-0.21055013530119648,-0.3431663375840066,0.6402383639817346,-0.1646641881029356,-0.1646641881029356,-0.1646641881029356,0.27742825657206405,-1.8883506330797757,-0.9197033528248459,0.9573914083302446,-1.1589581511239957,0.14090192551124403,-0.8978232511550557,-0.1646641881029356,-0.04080820396001572,1.0084675167492838,0.6496979805408838,-0.005130468894025686,-3.436032638740236,0.3696132744959342,-1.2782623302335958,0.4953015527392344,-1.9865381384861358,-0.516438913167816,-1.7100016497075359,-3.436032638740236,-2.1821046388367957,-0.39812085274344566,0.00030179228788407286,0.2932073138605342,0.2125274462651343,-1.6873040093544758,0.07325027178032428,-1.1840676690344658,-0.6767891525559357,0.08648228916480427,-0.12074370790785593,-0.1646641881029356,-0.6350000362966557,-0.6165827361555958,-1.5893647862749558,-0.13346066587411576,-0.11383887066339593,-0.5110290601224556,-0.8640969544067159,-0.005130468894025686,0.07325027178032428,-0.027680515811775663,0.30437333535329403,0.22199291459182513,-0.0739976381972749,-0.11848200253737495,1.4859035597793655,1.2454709157514152,1.2837191331886046,0.8492038378242244,1.3904085557653243,0.3837866780772745,0.8492038378242244,-0.32252532992102534,0.2635199413039344,0.7130835954123045,0.35970604523449445,-1.0249974356822156,-0.7487303993574255,0.7552848899750444,0.8492038378242244,0.7308177281984749,0.7912247731526749,0.9158364966018544,0.8925433169806949,0.36800762078880433,0.029852896874874357,-1.5492569780178456,0.9631812684344645,0.12680310501136471,0.4862215764396747,0.6224500739146945,0.7402773447576241,0.11230520942247457,-0.9319110472167154,1.0880812189684042,0.5468393526887945,-0.0740848238861953,-0.013778260096095618,0.8846569370183444
SFRP1,-0.6373120531534628,-1.077677029328433,0.3623972353478271,-0.572987003501483,0.11452423477259721,-0.06342873315639297,0.272917691799337,0.9723504581031173,-0.42588722710452287,-2.299017992534183,-0.42588722710452287,-0.42588722710452287,-0.021943504917942835,-0.7513359868737228,-0.6373120531534628,0.11452423477259721,-1.241081098992543,-2.299017992534183,0.043887009835887,-0.3410270220916929,-0.6965536229808229,-2.299017992534183,-0.3410270220916929,-2.299017992534183,0.21731129338120692,0.5782261274725569,-0.3410270220916929,-0.08350392096756298,1.8307645488093272,-1.675173541548312,0.11452423477259721,0.883448010192367,1.506627920701987,0.5067594548181669,-0.19556134199237274,-0.7513359868737228,-1.010598692144503,-1.010598692144503,-0.6373120531534628,-0.9003230903780457,0.22479983653905444,-2.1887423907677257,0.7165531929462543,-1.5315221011575197,1.2196097321607344,-0.8248712816568458,-0.7975640822311356,-2.1887423907677257,-0.2882705666144656,0.0883320968485144,0.5705010954165743,-0.7392478905136257,-0.7392478905136257,-0.31561162533806564,0.06322257893804428,-0.08528574022591551,-1.4052426415778787,-0.03097208226108572,-2.1887423907677257,-0.7392478905136257,0.007120018910594439,0.3008850758265744,-2.1887423907677257,-0.9348143908642856,2.906332409321164,-0.4491725110524156,-1.4052426415778787,-1.2166120586977467,-0.4400137613819657,-0.3420745383024457,-0.8637447991495957,2.711016033302234,-1.5803278399630947,-0.4284122453943957,0.3008850758265744,-0.19427290358150562,0.22479983653905444,0.4419822923679444,-1.6805924468650977,-0.5670547545428757,0.8849236753388241,-0.39254609426207576,-0.1849065391918856,-1.5315221011575197,-0.6410603851072656,0.38319329356579424,-0.38539988442956474,-1.6751199151730647,-1.3243950725661047,0.3853998844295652,0.7426359881692255,0.4317342952405254,2.2472340832322306,5.19571356302239,-0.5704285753357594,-2.2321345147164795,3.8597413133310905,3.4659559740483603,5.467684041020011,0.5796034061061706,-1.0107935515107296,3.2596989094053104,3.8539862387049206,3.8661884487569402,4.243579023004471,2.559062367850051,5.65842370763187,0.0632912195954507,-0.07436420620983952,3.0617132228175405,-0.43593821821082956,0.01983045498929048,6.286321225382071,2.1146699269595706,3.529824480326151,0.26885024536572066,6.94676609085076,2.6323366850931906,4.047040267153821,-0.31764750900169947,6.493067310402431,3.0194142242174804,3.8738422696766808
SLC39A6,0.75711170114905,0.5916936857905002,2.38546533227309,0.44418354242070013,0.026840177833429735,0.37603545333067956,-0.46923209573867997,-0.3683647689623202,-0.59511853287185,0.5916936857905002,0.9270315868302896,0.0,-1.15466975838158,0.42682227062547007,0.75711170114905,2.39515428875921,0.6767722295822702,-0.3683647689623202,-0.014414276477670462,-0.06228084522788979,0.5498517022383496,0.37603545333067956,-0.48675087858806965,-0.09325473181640032,-1.17862784925852,-0.46228371681150016,1.1028767257773398,0.008529913721160298,0.9633513966228602,-0.6498569514327501,0.6409225452070002,0.27985512312999994,1.0717992035160497,0.0,0.7194122109917895,-0.031957998334560145,-0.70859796845065,-0.48675087858806965,-0.13293132070266012,4.11580244424315,3.5314627971613612,3.6564349754795114,-0.20502554983041854,3.8611193056629913,0.3716128058634709,-0.453776938212719,3.7246297281231007,0.12051061759140147,-0.6413146890285191,1.0844137539113214,-0.2709544931853789,0.2262509022095207,-0.504788357967699,0.34477262803004116,0.4305150014103907,-0.31002659878562877,0.7159538630552715,-0.3259566260677089,0.391805921020441,0.4391465241790007,3.1071258322262514,0.06458462632267103,1.040485786329561,2.2224325901162514,-0.7459928737451387,0.012807162220380697,4.347659907268672,4.589771724922492,3.199306616634191,1.4352985621907113,2.0629215089916615,-0.023592140932279015,-0.19917875845437916,4.2338246427549615,4.631871385135621,2.7494189238117714,0.9711020905640213,2.0994548488371114,0.13382844098634106,3.9877442144292905,4.737200231996272,2.988602154661651,1.1354658703349712,1.2689517095825211,-0.5696891682746288,0.8326631035094811,-0.6358057353790425,-0.9987879967635922,-1.5590943970894622,-0.1801534573325725,0.12868104095183774,-0.491702976855362,-1.0816195636056567,-0.5321937886191366,-0.25453392687097676,0.14067101992477316,-0.5178568477392265,-0.8402178233912667,0.038356817003263544,-0.6630903065532765,-0.4812876907805066,-0.14513004647642624,-2.7231600501859967,-1.1778225885813964,-0.9769346596838364,-0.8006309542133265,-0.18790126809334673,-0.088479714486847,-0.9399081286981366,0.004836171945203027,-2.6529947427130467,-0.3150874551136269,-0.3125129915425262,0.27642454647703296,-1.5121919332251266,-0.013541281446566522,-0.6096008531348165,-0.25453392687097676,-2.3457343886768864,0.2472578272263135,-0.25453392687097676,0.18922980250676336,-1.3980033100123967
TYMS,1.3804424622341172,0.6474408065486466,-0.03835971912551317,-1.2493278360863833,1.3287021676231872,-0.4034231407855633,1.0099777046709666,0.6732012598862869,0.8642313609647969,1.525382210963067,-0.6549029862778033,1.1103717941620364,-0.6982843375028431,0.8790650877403068,0.4492366881544769,-0.5618165978123031,-1.9174219315774432,0.17337077038774673,-1.3728944555657232,0.6732012598862869,-0.14554025184367303,0.09830724098746657,0.496897554415777,-0.21611533893478319,-0.4590295392036934,-0.8175885166124433,0.8302870881170867,0.2262841636852766,0.32577668880446664,2.264435285773227,0.7650471489744466,0.010959919750146874,0.7733653142066266,-0.8612972107224834,-0.6187297707895434,0.4329932978093769,1.397284929670997,0.8302870881170867,-0.5618165978123031,-0.22923533198104984,-3.50060378261835,-1.54261281217586,-1.83889784323763,-1.34283347411171,-1.95292177695789,-0.6336969556900902,0.18886014546764018,-0.38060330570084,2.75909728724591,0.032845869707539777,1.3991546414516098,-0.5142850377491199,3.21181872029107,-0.3323147140079601,-0.5419538889417201,1.35875518253081,0.8551975047348503,-0.5142850377491199,-0.017358255804420075,-1.34283347411171,-1.30474137294003,-1.7745727935856501,-3.50060378261835,0.0938479974030999,-0.4626919966215599,-0.06426935159023017,-0.12529761121998018,-0.22923533198104984,-2.13673267350747,0.008679127902210038,0.11880162265719996,-0.74136029643405,-0.11620975056683003,0.3203573700633,-0.8698790994826799,-0.6995711801747699,0.6241935070550197,-0.10537934783812997,0.029920288620890023,-0.79140251791272,-0.9286680982848301,-2.633225615279697,0.36213743329762016,0.7822300969843199,-0.4626919966215599,0.049863292616669774,-0.7259901746266328,-0.455044055317793,0.22752202765889695,0.9704958887143871,1.230440515745597,0.5347582550615972,0.6117559700535828,1.3614248863483525,1.205796202544743,-0.9728908746889373,0.9007930058317428,0.6780913706960026,0.9773408093629428,0.6885235601441226,-0.6104260062901474,-0.025586261417447353,2.076323578599313,2.076323578599313,1.7429147153156723,1.373179147610843,0.7825790501808725,1.5787284468588023,-1.4813873448773274,1.0164129149631926,-2.9308818451314274,0.9318593707845428,0.34048660550587284,-0.32407498356217745,1.210339798852793,0.7678589826229327,1.210339798852793,-1.2691759057507073,0.9773408093629428,0.05543689973780275,0.34048660550587284,0.8958711840590627,1.3676232756270723
UBE2C,-1.1735284611571428,-0.17365122745152295,0.006906574409996757,-1.5891965782768227,1.3896968771504268,-1.8432347854933329,0.2985959483686269,-1.6652818175643427,0.3117405217157172,0.8890205285579968,-0.9105349762607329,0.9637853284616469,0.3909431046225169,-1.8017495572548827,0.11583306747659705,0.27697724248207756,-2.4171181054904025,0.942432282677367,0.26798039680492725,1.3419103772640568,0.8533755186747474,0.9720883119183572,0.9540377302681771,0.11583306747659705,-0.013813148819992627,-0.13152928477650283,0.11583306747659705,0.3776998647111576,0.9028733557425372,0.48926855294996674,-0.1509330692576829,0.820934379198837,0.6152147313747776,-0.45602441320339304,-0.7471490304437229,1.0364062048311071,0.975074906653207,0.32692600724660714,0.8382595198075871,-1.5047629469146568,-1.3587108493849769,-0.9926379824616567,0.6004647667107132,-0.683404867597547,-1.5047629469146568,0.6101744681013033,0.0917948542542435,-0.22945935612592727,0.13137084017314304,-0.147184354502647,-0.06934932075123701,-0.21262470827616653,1.0245261716383132,0.4530411968256427,-0.011235326255617295,-0.932331418671557,0.5642927573774728,-0.7547235225783968,0.4049856917209631,-1.2776876882297268,-0.2178282629526569,-2.106236124592317,-0.5652656053445968,-1.898119042204597,-0.7917500535640967,0.0025534832399127794,-0.12732838542278646,0.4367171221329329,-3.426568305728495,0.3933893443600427,-1.172031882719657,-0.40958252023956687,0.12377988080382352,-0.6385204955043768,-0.428896270366967,-0.5703765163846768,-0.2899774799471668,-2.417338580633677,0.11759433255103335,0.08568310804214274,0.16952806039294277,-0.7135393578639371,0.8907091340015834,0.42600655745803273,-0.3623999268096867,-0.4372534039084668,-0.2774709636946002,-1.5932175274548501,0.42092723337257976,0.9037229634432897,0.7591194996545001,0.13873548184730033,-0.6075710751239933,0.7834236847575164,0.5206833122212462,-0.4998665011132535,1.102010540133496,-1.1016554619038237,0.6737763443888269,0.9840970162112868,-0.9045234460228633,0.6171423502713465,0.07184985439555636,-0.5548686339955835,0.38113792926855616,0.41730993860179666,0.3515328095911565,1.5923614654786862,-0.0026611057183538733,0.9735731609273062,0.37063427560347684,1.033569693184937,-0.4339375577582931,0.1628939130925664,0.7075543058926668,1.0641080953798268,-0.10313640527982315,-0.5339963313305836,0.32783781159409653,0.4637091938602369,0.5426828907276366,0.37063427560347684,0.6511147583758863
UBE2T,1.1010139960100251,0.5688191803530356,0.9893733692934155,-0.5117215210833845,-0.061184664182924564,-0.5954621267817943,0.9509649593922558,-0.3945741978842343,0.6125380205296156,1.1010139960100251,-0.4992591018060546,0.32782653492862535,1.2078031929940356,-1.1075870912347945,-0.3037308828487144,1.3729635334732158,-2.2051246380383747,-0.10235826235181467,0.06450361406037564,0.20944042530287588,0.2452795233628451,0.5939633598803851,0.20944042530287588,-1.1075870912347945,0.05572284791040527,0.23390758707944537,-0.5954621267817943,0.0076480830228655705,-0.5656950634955447,1.5294036183413051,-0.5059220070415944,0.13344616442496582,-0.4422350641455344,0.6961913038909455,-0.7931645113125447,0.6029365720745452,0.2894338654478159,-0.3945741978842343,-0.1773666493331043,-0.259102275643587,0.2910530984734434,0.5251138702637128,-0.5016484943093769,-0.22963802614776707,-0.6563960659512968,-0.916018593372927,0.1299089234679629,-1.7876737012635169,1.1619415581256431,-0.11745342878513698,0.1299089234679629,-0.5554652783591969,1.2863089903579432,0.32581637770708305,-0.536517848313077,0.31267180435999276,0.4359928472023933,0.3797519666097626,-0.040196393109257045,-0.7933797382424568,-0.9337830074963072,-0.709639132544047,-2.191617423450097,-0.9575720555088671,-0.7933797382424568,-0.11017897996124715,-0.051524485430176625,0.581609227276723,-2.3160195594939967,0.5926475885792426,-1.253010268057107,-0.6563960659512968,-0.09312924883303708,0.1761898830444526,-0.41618810387438687,-1.035601148333967,-0.01336646405696662,-0.6695237540995369,-0.12404981097093692,-0.5554652783591969,0.5251138702637128,-1.1397446102619768,0.5840160658106326,0.45426292672367286,0.01152281384221343,0.06345359842436338,0.5850243674674376,-0.1658071442723723,0.30423302685471754,0.7949742092769378,0.6690597998560079,-0.10141100895157251,0.15684204635685628,0.879185636378566,0.43783065574918645,-1.2527384588136936,1.0620061105131167,0.13477637004786613,0.6974932252381865,0.7247854418369966,-0.04244036064579371,-0.4514859430718836,1.155200914977796,0.8406522955666067,0.5949164839799863,1.0396664278335863,0.5949164839799863,1.4968622069569961,0.5027314660561162,0.43783065574918645,0.23448526347059628,0.4944298905018063,-0.6140065540901136,0.901380671525756,0.5601542741111665,0.6944433881634162,-0.8902735904149037,-1.1246738598899335,0.6974932252381865,0.007957567621086348,-0.09072895233867362,0.6160235999343064,0.7078783894781062
